{
  "5": {
    "type": "full",
    "n": 3125,
    "moments": {
      "1.0": 0.99999999999121,
      "1.2": 1.1994144874169994,
      "1.3": 1.3351274466702756,
      "1.4": 1.5019684415556163,
      "1.45": 1.5992449765500802,
      "1.48": 1.6626403991618657,
      "1.5": 1.7071552552201015,
      "1.52": 1.753564906024867,
      "1.53629": 1.7928245227708464,
      "1.55": 1.8269192281526756,
      "1.58": 1.905034428249239,
      "1.6": 1.9599175907057977,
      "1.7": 2.2720795488774885,
      "1.8": 2.6588242198380745,
      "2.0": 3.739940683234464
    },
    "memo_size": 3905,
    "time_s": 0.0390925407409668
  },
  "6": {
    "type": "full",
    "n": 15625,
    "moments": {
      "1.0": 0.9999999999894522,
      "1.2": 1.2215964280285845,
      "1.3": 1.3762385614174855,
      "1.4": 1.5700077128645484,
      "1.45": 1.6846849558508148,
      "1.48": 1.7600525508188194,
      "1.5": 1.813261375264612,
      "1.52": 1.868981020645575,
      "1.53629": 1.9163082491406822,
      "1.55": 1.9575492771305838,
      "1.58": 2.0525173420376395,
      "1.6": 2.1196310493846924,
      "1.7": 2.5071182316740597,
      "1.8": 2.999586283662599,
      "2.0": 4.437201537999875
    },
    "memo_size": 19530,
    "time_s": 0.2364046573638916
  },
  "7": {
    "type": "full",
    "n": 78125,
    "moments": {
      "1.0": 0.9999999999876985,
      "1.2": 1.241636266666631,
      "1.3": 1.4141021648201906,
      "1.4": 1.6340088186635715,
      "1.45": 1.7659624306667092,
      "1.48": 1.8533664177863103,
      "1.5": 1.9153856609734394,
      "1.52": 1.98060105637695,
      "1.53629": 2.036205341548936,
      "1.55": 2.084814124118684,
      "1.58": 2.1972835716482715,
      "1.6": 2.27720322558809,
      "1.7": 2.745242310103251,
      "1.8": 3.3547274024487073,
      "2.0": 5.21007731505587
    },
    "memo_size": 97655,
    "time_s": 1.1521315574645996
  },
  "8": {
    "type": "full",
    "n": 390625,
    "moments": {
      "1.0": 0.9999999999859444,
      "1.2": 1.2599338227019738,
      "1.3": 1.4493007375617686,
      "1.4": 1.6946951886322188,
      "1.45": 1.8438511644090936,
      "1.48": 1.9433798540434306,
      "1.5": 2.014339976786931,
      "1.52": 2.089249735319202,
      "1.53629": 2.15335054579026,
      "1.55": 2.2095569552374617,
      "1.58": 2.340196344460964,
      "1.6": 2.4335135004315704,
      "1.7": 2.987516149740164,
      "1.8": 3.7259883500337345,
      "2.0": 6.067511509233505
    },
    "memo_size": 488280,
    "time_s": 5.847744703292847
  },
  "9": {
    "type": "full",
    "n": 1953125,
    "moments": {
      "1.0": 0.9999999999841303,
      "1.2": 1.2767120294386987,
      "1.3": 1.4821375406381503,
      "1.4": 1.7524000595991636,
      "1.45": 1.9186756061134331,
      "1.48": 2.0304045983069927,
      "1.5": 2.110424945020255,
      "1.52": 2.1952149197460034,
      "1.53629": 2.2680205148931836,
      "1.55": 2.332044739319364,
      "1.58": 2.481502228973478,
      "1.6": 2.5887970908742104,
      "1.7": 3.2342201788534912,
      "1.8": 4.114214051778868,
      "2.0": 7.0181444434697395
    },
    "memo_size": 2441405,
    "time_s": 30.52095651626587
  },
  "10": {
    "type": "full",
    "n": 9765625,
    "moments": {
      "1.0": 0.9999999999823859,
      "1.2": 1.2921787142084304,
      "1.3": 1.5129096583400337,
      "1.4": 1.8074766128605653,
      "1.45": 1.9908008463585118,
      "1.48": 2.1148081138819084,
      "1.5": 2.2040081275946553,
      "1.52": 2.2988635862249813,
      "1.53629": 2.380581664835323,
      "1.55": 2.45264369753629,
      "1.58": 2.621569581309204,
      "1.6": 2.743427473391019,
      "1.7": 3.4858782392831085,
      "1.8": 4.520670255006075,
      "2.0": 8.072404016684848
    },
    "memo_size": 12207030,
    "time_s": 151.2225682735443
  },
  "11": {
    "type": "full",
    "n": 48828125,
    "moments": {
      "1.0": 0.9999999999806689,
      "1.2": 1.3064999526447765,
      "1.3": 1.541854863106243,
      "1.4": 1.8602053315566345,
      "1.45": 2.060514096621391,
      "1.48": 2.196877240752822,
      "1.5": 2.2953747436970096,
      "1.52": 2.4004787131152314,
      "1.53629": 2.4913150997454845,
      "1.55": 2.571633652142093,
      "1.58": 2.7606780333956342,
      "1.6": 2.897687906707113,
      "1.7": 3.7429200088274537,
      "1.8": 4.946558314691404,
      "2.0": 9.241635704274216
    },
    "memo_size": 61035155,
    "time_s": 793.2427079677582
  }
}