# q=5 mode=arith roots=300 cp_lo=4 cp_hi=12 buf_lo=9 buf_hi=17 seed=2026
# root nvisited then n_cp*n_buf cumulative counts N(val<=cp[ci], pmax<=buf[bi]) row-major ci,bi
1077 1544900027 13 13 13 13 13 13 13 13 13 57 57 57 57 57 57 57 57 57 247 247 247 247 247 247 247 247 247 978 1027 1062 1062 1062 1062 1062 1062 1062 3646 4224 4682 4763 4801 4810 4810 4811 4811 9593 15979 19862 20914 21537 21751 21793 21817 21826 9593 41881 75076 87773 94019 96470 97400 97730 97863 9593 41881 197024 329240 391896 418061 428708 433165 435218 9593 41881 197024 867607 1476708 1747998 1864732 1914972 1937655
1699 673202391 8 8 8 8 8 8 8 8 8 31 31 31 31 31 31 31 31 31 123 124 124 124 124 124 124 124 124 512 527 529 529 529 529 529 529 529 1759 2027 2088 2114 2115 2115 2115 2115 2116 4646 7670 8752 9220 9348 9394 9430 9430 9443 4646 20264 33211 38703 40711 41489 42084 42193 42273 4646 20264 87538 145503 169917 180180 186140 188062 188839 4646 20264 87538 383646 640874 755226 812502 834684 844123
303 1290976740 14 14 14 14 14 14 14 14 14 50 50 50 50 50 50 50 50 50 197 197 204 204 204 204 204 204 204 789 819 873 874 880 882 882 882 882 2942 3500 3874 3932 4021 4050 4051 4051 4051 7754 13129 16310 17293 17915 18161 18251 18263 18272 7754 34751 61572 72443 77906 80127 81208 81502 81694 7754 34751 163007 273364 325787 348451 358854 362370 364340 7754 34751 163007 720567 1225927 1453706 1557902 1599261 1619182
9511 5214201 1 1 1 1 1 1 1 1 1 2 2 2 2 2 2 2 2 2 4 4 4 4 4 4 4 4 4 9 9 9 9 9 9 9 9 9 28 28 28 28 28 28 28 28 28 67 88 91 95 95 95 95 95 95 67 198 276 355 361 368 368 368 368 67 198 672 1238 1404 1528 1534 1536 1536 67 198 672 3296 5335 6349 6545 6659 6670
2921 37819514 2 2 2 2 2 2 2 2 2 5 5 5 5 5 5 5 5 5 11 11 11 11 11 11 11 11 11 37 39 39 39 39 39 39 39 39 138 153 153 154 154 154 154 154 154 344 547 588 603 603 603 604 604 604 344 1407 2079 2298 2359 2413 2424 2424 2426 344 1407 5429 8729 9915 10469 10661 10723 10771 344 1407 5429 23001 37178 43411 45936 46983 47573
9989 895937223 2 2 2 2 2 2 2 2 2 22 22 23 23 23 23 23 23 23 124 124 134 136 136 136 136 136 136 491 502 559 569 571 575 575 575 575 1893 2175 2509 2594 2652 2694 2694 2697 2698 5025 8423 10894 11827 12351 12586 12613 12659 12681 5025 22317 41093 49415 53623 55592 56121 56500 56709 5025 22317 108192 185909 224167 241439 247709 251169 252877 5025 22317 108192 489951 842776 1006969 1075130 1108044 1123403
9469 79929484 2 2 2 2 2 2 2 2 2 3 3 3 3 3 3 3 3 3 18 18 18 18 18 18 18 18 18 62 62 62 62 62 62 62 62 62 245 269 275 275 275 275 275 275 275 625 977 1105 1135 1166 1172 1174 1174 1174 625 2540 4157 4729 5036 5162 5219 5232 5237 625 2540 10945 17662 20701 22041 22702 22866 22985 625 2540 10945 46203 77191 90970 97512 99699 100867
881 694091216 8 8 8 8 8 8 8 8 8 32 32 32 32 32 32 32 32 32 121 121 121 121 121 121 121 121 121 517 532 532 540 540 547 547 547 547 1824 2088 2130 2192 2225 2264 2264 2264 2264 4686 7748 8844 9399 9760 9962 9997 10008 10009 4686 20140 32643 38653 41676 43237 43764 43952 43980 4686 20140 85722 145608 173984 188203 193551 195854 196497 4686 20140 85722 383496 654849 784719 839229 863293 872238
3817 148791814 3 3 3 3 3 3 3 3 3 11 11 11 11 11 11 11 11 11 31 31 31 31 31 31 31 31 31 101 106 109 109 109 109 109 109 109 413 460 482 488 495 495 495 495 495 1086 1731 2049 2138 2188 2220 2221 2223 2223 1086 4462 7519 8592 9161 9444 9489 9546 9556 1086 4462 19891 32270 37976 40615 41469 42054 42208 1086 4462 19891 84718 142749 169585 179639 185122 187161
6823 10651973713 73 75 75 75 75 75 75 75 75 347 364 364 364 364 364 364 364 364 1470 1589 1633 1635 1635 1636 1636 1636 1636 6313 7061 7359 7403 7430 7453 7466 7467 7467 23931 29637 32118 32881 33153 33395 33489 33569 33586 62970 111342 133854 142687 146366 148434 149293 149930 150090 62970 294393 506143 599024 638774 657857 666411 671374 672900 62970 294393 1335579 2258059 2674652 2863426 2947903 2990503 3006286 62970 294393 1335579 5954162 10077124 11968421 12814493 13215258 13380907
5489 180531000 2 2 2 2 2 2 2 2 2 10 10 10 10 10 10 10 10 10 35 35 35 35 35 35 35 35 35 127 134 134 134 134 134 134 134 134 484 577 596 608 608 608 608 608 608 1258 2156 2454 2585 2602 2618 2619 2623 2623 1258 5587 8992 10487 10965 11266 11328 11400 11419 1258 5587 23750 39384 45668 48848 49881 50595 50905 1258 5587 23750 103669 171926 203913 216398 223483 226408
4229 4308655382 27 27 27 27 27 27 27 27 27 139 139 139 139 139 139 139 139 139 675 677 683 683 683 683 683 683 683 2856 2989 3034 3049 3057 3062 3062 3062 3062 10493 12375 13084 13462 13603 13659 13674 13680 13680 27590 46672 54218 58050 59633 60391 60670 60782 60799 27590 122645 203097 242235 258785 266636 270016 271446 271873 27590 122645 535851 916482 1085566 1163803 1197980 1213339 1219058 27590 122645 535851 2415127 4080329 4853201 5197931 5351609 5415210
9383 800505126 7 7 7 7 7 7 7 7 7 23 23 23 23 23 23 23 23 23 124 127 127 127 127 127 127 127 127 533 560 567 569 569 569 569 569 569 2011 2311 2425 2476 2487 2489 2489 2489 2489 5518 9100 10491 11183 11447 11544 11573 11575 11577 5518 23821 39179 46442 49168 50460 50890 51032 51094 5518 23821 103167 174189 203979 217942 223417 225600 226498 5518 23821 103167 457793 766706 909781 970462 996694 1007516
1931 536398649 7 7 7 7 7 7 7 7 7 20 20 20 20 20 20 20 20 20 71 71 71 71 71 71 71 71 71 354 369 373 373 373 373 373 373 373 1241 1468 1568 1587 1600 1605 1605 1605 1605 3253 5680 6781 7200 7418 7485 7505 7507 7511 3253 14954 25692 30227 32501 33219 33515 33608 33667 3253 14954 68071 114139 136411 144924 148802 150097 150835 3253 14954 68071 300357 513505 605627 647429 663965 672341
4409 425241288 5 5 5 5 5 5 5 5 5 22 22 22 22 22 22 22 22 22 84 84 84 84 84 84 84 84 84 303 303 303 303 307 307 307 307 307 1150 1272 1288 1296 1369 1376 1376 1376 1376 3010 4802 5286 5516 5924 6004 6014 6020 6026 3010 12604 19777 22764 25633 26361 26580 26706 26759 3010 12604 51935 85602 107116 114628 117525 118871 119619 3010 12604 51935 226047 405023 481037 512731 526773 534088
3647 172263490 2 2 2 2 2 2 2 2 2 4 4 4 4 4 4 4 4 4 22 22 22 23 23 29 29 29 29 80 92 92 105 105 130 130 130 130 263 344 353 414 414 540 541 541 541 697 1282 1414 1785 1812 2393 2416 2416 2417 697 3435 5369 7618 8073 10584 10872 10881 10923 697 3435 14171 28935 34043 46193 48324 48725 49035 697 3435 14171 75803 127410 192317 209894 214908 217855
9637 112144998 1 1 1 1 1 1 1 1 1 4 4 4 4 4 4 4 4 4 16 16 16 16 18 18 18 18 18 59 60 60 60 71 77 77 77 77 217 236 246 247 319 353 353 353 353 525 868 1004 1054 1386 1557 1564 1565 1565 525 2269 3749 4406 6093 6954 7042 7058 7077 525 2269 9777 16395 25432 30185 31128 31437 31601 525 2269 9777 43119 95621 125954 135207 138470 140267
9697 23642022 1 1 1 1 1 1 1 1 1 3 3 3 3 3 3 3 3 3 5 5 5 5 5 5 5 5 5 17 17 17 17 17 17 17 17 17 61 76 78 78 78 80 80 80 80 175 288 326 335 335 355 355 355 355 175 769 1183 1373 1400 1482 1491 1492 1492 175 769 3186 5289 5867 6428 6610 6656 6701 175 769 3186 13847 21963 26697 28561 29261 29679
8649 124854205 3 3 3 3 3 3 3 3 3 5 5 5 5 5 5 5 5 5 16 16 16 16 16 16 16 16 16 71 72 77 77 77 77 77 77 77 278 302 375 376 377 377 377 377 377 698 1188 1743 1786 1812 1816 1816 1816 1816 698 2930 6256 7004 7416 7544 7606 7628 7629 698 2930 16807 26957 31619 33573 34279 34564 34639 698 2930 16807 71365 120346 142230 151031 154901 156300
2967 152233834 3 3 3 3 3 3 3 3 3 11 11 11 11 11 11 11 11 11 31 31 31 31 31 31 31 31 31 112 113 114 114 114 114 114 114 114 413 447 476 480 480 480 480 480 480 1135 1710 1982 2066 2076 2081 2101 2101 2101 1135 4673 7569 8748 9080 9286 9468 9487 9491 1135 4673 20029 33087 38256 40801 42292 42663 42796 1135 4673 20029 86799 143924 170729 184479 189028 190979
1657 574283492 8 8 8 8 8 8 8 8 8 29 29 29 29 29 29 29 29 29 117 117 117 117 117 117 117 117 117 435 442 443 443 443 443 443 443 443 1638 1836 1889 1901 1909 1915 1923 1923 1923 4315 6797 7778 8133 8279 8328 8381 8393 8393 4315 17660 28696 33122 35039 35724 36245 36423 36468 4315 17660 75391 124542 145648 154327 159509 161278 161953 4315 17660 75391 328267 548602 644676 693044 712037 719907
4433 2074038710 11 11 11 11 11 11 11 11 11 52 52 52 52 52 52 52 52 52 308 308 311 311 311 311 311 311 311 1345 1386 1408 1420 1420 1424 1424 1424 1424 5016 5793 6114 6381 6440 6465 6480 6480 6480 13341 21963 25718 27929 28606 28994 29199 29256 29266 13341 57682 96616 116948 124420 128303 130152 130804 131051 13341 57682 255235 442932 521694 559866 577377 584617 587504 13341 57682 255235 1166207 1959928 2333139 2503094 2576659 2608279
7777 135617047 4 4 4 4 4 4 4 4 4 8 8 8 8 8 8 8 8 8 20 20 20 20 20 20 20 20 20 67 95 96 96 96 96 96 96 96 217 420 451 451 451 451 453 454 454 546 1594 1878 1918 1929 1930 1946 1965 1965 546 4299 7063 7845 8239 8337 8454 8571 8571 546 4299 18600 29421 34337 36180 37354 38005 38099 546 4299 18600 77378 129156 151568 162789 168212 169990
943 2079832175 19 19 19 19 19 19 19 19 19 85 85 85 86 86 86 86 86 86 351 351 351 358 358 358 358 358 358 1378 1425 1451 1501 1501 1501 1501 1501 1501 4997 5802 6160 6545 6585 6604 6605 6605 6606 12807 21573 25261 28265 28827 29108 29247 29291 29319 12807 56659 94785 118091 124948 128105 129960 130701 131029 12807 56659 249360 444596 521490 555652 573857 581144 584322 12807 56659 249360 1170858 1963351 2323268 2497850 2571585 2604206
6521 82977752 1 1 1 1 1 1 1 1 1 5 5 5 5 5 5 5 5 5 15 15 15 15 15 15 15 15 15 59 59 60 60 60 60 60 60 60 230 235 278 279 279 279 279 279 279 588 801 1094 1156 1159 1161 1161 1161 1161 588 2059 4159 4831 5072 5171 5196 5208 5213 588 2059 10899 18111 21173 22490 22936 23119 23246 588 2059 10899 47681 79914 94297 100098 102490 104039
2081 726576380 9 9 9 9 9 9 9 9 9 35 35 35 35 35 35 35 35 35 138 138 138 138 138 138 138 138 138 534 556 560 560 560 560 560 560 560 1974 2266 2357 2365 2392 2395 2400 2400 2400 5186 8408 9572 9900 10190 10242 10325 10351 10357 5186 22051 35859 40989 43954 44774 45362 45620 45689 5186 22051 94350 153554 183765 194684 200766 203597 204548 5186 22051 94350 404972 694120 815381 875405 902423 912883
9753 790638410 5 5 5 5 5 5 5 5 5 22 22 22 22 22 22 22 22 22 111 113 113 113 113 113 113 113 113 518 561 563 574 575 575 575 575 575 1911 2336 2463 2537 2561 2563 2564 2564 2564 5057 8895 10325 11000 11321 11432 11476 11496 11498 5057 23524 38871 45339 48266 49493 50054 50352 50439 5057 23524 102497 169805 200036 213184 219218 222218 223229 5057 23524 102497 446375 751929 888787 950307 979343 990643
1069 953696023 8 8 8 8 8 8 8 8 8 35 35 35 35 35 35 35 35 35 141 145 152 152 152 152 152 152 152 567 600 648 656 656 656 656 656 656 2166 2523 2886 2982 3001 3004 3004 3005 3005 5542 9281 11853 12715 13080 13161 13200 13234 13244 5542 24575 45318 53908 57630 58959 59583 59959 60060 5542 24575 119590 202703 241138 256443 263570 267112 268290 5542 24575 119590 533879 911887 1075987 1150865 1184806 1198561
653 1399941317 11 11 11 11 11 11 11 11 11 45 45 45 45 45 45 45 45 45 211 212 212 212 212 212 212 212 212 926 965 974 974 975 975 975 975 975 3454 4049 4235 4290 4335 4340 4370 4370 4376 9193 15251 17704 18582 19053 19171 19387 19422 19517 9193 40255 67096 78135 83501 85416 86922 87329 87973 9193 40255 176666 293648 348773 371714 384511 388659 392798 9193 40255 176666 772857 1313033 1556406 1674523 1721259 1751771
1573 2173026840 21 21 21 21 21 21 21 21 21 80 80 80 80 80 80 80 80 80 343 348 348 348 348 348 348 348 348 1528 1603 1609 1632 1636 1636 1640 1640 1642 5624 6597 6853 7074 7117 7121 7148 7150 7174 14537 24385 27873 29928 30565 30741 30966 31011 31137 14537 64021 104426 123996 131729 134478 136290 136908 137732 14537 64021 275950 466791 550165 584616 601945 608662 614161 14537 64021 275950 1229971 2069782 2444461 2616368 2688256 2732060
7977 327887634 2 2 2 2 2 2 2 2 2 9 9 9 9 9 9 9 9 9 30 30 33 33 33 33 33 33 33 174 178 194 194 194 194 194 194 194 678 776 910 930 941 941 942 942 942 1824 3022 4006 4333 4485 4521 4566 4566 4567 1824 8024 15316 18418 19884 20417 20770 20813 20837 1824 8024 40397 69340 82978 88477 91448 92256 92616 1824 8024 40397 182636 310957 368360 396066 406446 410938
4823 3628090779 47 47 47 47 47 47 47 47 47 147 147 147 147 147 147 147 147 147 603 604 604 606 613 613 613 613 613 2475 2556 2566 2598 2642 2651 2651 2651 2651 9397 10721 11124 11453 11679 11744 11761 11766 11769 24443 40028 45763 48820 50638 51320 51583 51655 51721 24443 104808 170858 202460 218248 224803 227616 228508 229155 24443 104808 448856 763109 913438 977774 1007076 1018106 1024295 24443 104808 448856 2009797 3437084 4083037 4374056 4495218 4554291
2579 639285649 5 5 5 5 5 5 5 5 5 29 29 29 29 29 29 29 29 29 109 109 109 109 109 109 109 109 109 453 455 459 459 459 459 459 459 459 1668 1877 1964 1981 2011 2051 2051 2051 2051 4417 7147 8066 8448 8690 8947 8950 8950 8951 4417 18948 30465 35558 38028 39798 40067 40126 40174 4417 18948 80653 134739 159875 174498 178316 179768 180669 4417 18948 80653 354964 602526 729788 774922 794027 803829
9889 224238625 2 2 2 2 2 2 2 2 2 7 7 7 7 7 7 7 7 7 28 28 28 28 28 28 28 28 28 93 106 114 114 115 115 115 115 115 368 524 608 609 641 646 646 646 658 992 2065 2670 2772 2945 3038 3038 3040 3085 992 5560 10139 11726 13056 13660 13775 13832 14025 992 5560 26851 44252 54709 59575 61292 61964 62901 992 5560 26851 116522 206884 250210 268037 275070 281030
8811 260709028 1 1 1 1 1 1 1 1 1 7 7 7 7 7 7 7 7 7 44 44 44 44 44 44 44 44 44 180 180 180 180 180 187 187 187 187 666 726 743 760 761 805 805 805 805 1853 2876 3243 3425 3470 3675 3682 3682 3684 1853 7708 12324 14333 15120 16308 16487 16552 16564 1853 7708 32284 53413 62568 70239 72298 73079 73380 1853 7708 32284 141217 236136 293911 314965 323604 327275
1491 1152435583 8 8 8 8 8 8 8 8 8 42 42 42 42 42 42 42 42 42 191 192 192 192 192 192 192 192 192 769 795 798 802 802 803 803 803 803 2956 3394 3551 3648 3658 3680 3680 3698 3698 7737 12475 14552 15486 15786 16011 16059 16218 16225 7737 32749 54732 64454 68580 70742 71343 72221 72383 7737 32749 144341 243587 287404 308595 316067 322133 323934 7737 32749 144341 641925 1083067 1291601 1376132 1426680 1445148
1079 1488601738 12 12 12 12 12 12 12 12 12 59 59 59 59 59 59 59 59 59 252 253 253 253 253 253 253 253 253 996 1040 1057 1080 1082 1082 1082 1082 1082 3620 4177 4481 4684 4719 4725 4725 4725 4729 9403 15576 18666 20144 20593 20761 20833 20852 20888 9403 40943 70996 85067 90505 92656 93533 93873 94121 9403 40943 187392 321414 380019 404344 414508 418788 421160 9403 40943 187392 846748 1428728 1686523 1798085 1846408 1870358
3649 124737337 3 3 3 3 3 3 3 3 3 11 11 11 11 11 11 11 11 11 31 31 31 31 31 31 31 31 31 104 104 104 104 104 104 104 104 104 346 370 375 384 385 385 386 386 386 909 1344 1550 1670 1699 1705 1713 1717 1717 909 3504 5891 7146 7513 7655 7730 7815 7828 909 3504 15554 27043 31735 33552 34402 35087 35292 909 3504 15554 70937 119329 139438 149070 154778 156929
7071 508762750 1 1 1 1 1 1 1 1 1 8 8 8 8 8 8 8 8 8 59 64 64 64 64 64 64 64 64 281 350 352 352 352 352 352 352 352 1128 1599 1652 1668 1671 1677 1677 1677 1677 2944 5922 6652 6976 7111 7185 7193 7210 7211 2944 15638 25030 29073 30985 31801 32070 32218 32255 2944 15638 65682 108918 128468 137438 140874 142581 143145 2944 15638 65682 286975 484806 576599 615149 632783 639398
3721 73339389 1 1 1 1 1 1 1 1 1 5 5 5 5 5 5 5 5 5 15 15 15 15 15 15 15 15 15 48 48 48 48 48 48 48 48 48 190 203 205 221 221 224 224 224 224 556 782 849 938 948 1001 1012 1018 1018 556 2112 3175 3931 4126 4453 4574 4660 4664 556 2112 8282 14831 17087 19279 20142 20680 20793 556 2112 8282 38772 63693 79825 86892 91072 92441
4049 685682231 4 4 4 4 4 4 4 4 4 29 29 29 31 31 31 31 31 31 100 100 100 111 111 111 111 111 111 373 396 430 485 495 496 496 496 496 1334 1669 1856 2151 2224 2234 2237 2237 2237 3472 6075 7428 8909 9418 9490 9565 9566 9566 3472 16103 28424 37925 41748 42727 43343 43402 43431 3472 16103 74892 143061 174950 186250 191901 193417 194008 3472 16103 74892 376868 657008 777473 832747 852539 860891
3927 4618012840 41 41 41 41 41 41 41 41 41 157 157 157 157 157 157 157 157 157 688 694 696 696 696 696 696 696 696 2905 3069 3124 3149 3166 3173 3173 3176 3176 10897 12760 13607 14010 14269 14317 14328 14370 14370 28713 48434 57594 61804 64197 64841 65152 65492 65535 28713 126634 214915 256638 277935 285153 288839 291422 291927 28713 126634 564752 965504 1161177 1239461 1275872 1296257 1302369 28713 126634 564752 2540625 4369109 5178696 5546107 5729010 5796878
109 6979167877 41 41 41 41 41 41 41 41 41 196 201 216 216 216 216 216 216 216 959 986 1070 1070 1072 1072 1072 1072 1072 3996 4276 4764 4787 4815 4821 4822 4823 4823 15187 17922 21066 21507 21764 21891 21920 21954 21960 39861 66781 87859 93339 96255 97579 98033 98275 98356 39861 176157 331209 390364 418900 431873 437229 439778 440659 39861 176157 873955 1469822 1749677 1878054 1932698 1958207 1968394 39861 176157 873955 3869429 6585215 7852903 8407354 8657527 8765077
8309 94903418 2 2 2 2 2 2 2 2 2 4 4 4 4 4 4 4 4 4 18 18 18 18 18 18 18 18 18 79 79 79 79 79 79 79 79 79 268 285 286 301 301 301 301 301 301 728 1097 1199 1304 1328 1331 1335 1335 1335 728 2785 4608 5414 5748 5853 5911 5937 5937 728 2785 12169 20432 24252 25683 26317 26611 26684 728 2785 12169 54165 92258 108619 115433 118373 119293
8129 558765491 8 8 8 8 8 8 8 8 8 23 23 23 23 23 23 23 23 23 99 99 99 99 99 99 99 99 99 426 438 438 438 438 438 438 438 438 1573 1740 1806 1838 1861 1867 1867 1869 1869 4250 6594 7422 7805 7990 8057 8063 8082 8085 4250 17315 27808 32347 34241 35006 35284 35488 35546 4250 17315 72868 121510 142878 151672 155263 157171 157869 4250 17315 72868 319720 537714 632353 673785 693146 701128
7069 92406755 3 3 3 3 3 3 3 3 3 9 9 9 9 9 9 9 9 9 24 24 24 24 24 24 24 24 24 84 85 85 85 85 85 85 85 85 274 322 325 326 326 326 326 326 326 724 1216 1323 1348 1350 1369 1375 1375 1375 724 3165 4945 5453 5684 5867 5965 5981 5982 724 3165 12781 19897 23101 24791 25684 25929 25998 724 3165 12781 52060 86832 103877 111848 114840 115815
1401 669584219 6 6 6 6 6 6 6 6 6 20 20 20 20 20 20 20 20 20 93 94 95 95 95 95 95 95 95 425 438 477 477 477 478 478 478 478 1635 1895 2113 2118 2140 2163 2163 2163 2163 4157 6969 8617 8887 9214 9363 9396 9407 9411 4157 18380 32679 37126 40154 41401 41947 42114 42181 4157 18380 85979 139233 167949 179912 185923 188147 188942 4157 18380 85979 366757 633640 752726 809341 832848 841933
2793 10638989864 78 78 78 78 78 78 78 78 78 361 361 361 361 361 361 361 361 361 1650 1678 1686 1695 1695 1695 1695 1695 1695 6970 7413 7584 7664 7671 7675 7678 7680 7680 26059 30721 32724 33558 33737 33804 33840 33869 33869 68632 115648 136326 145457 148654 149842 150500 150791 150851 68632 303609 512112 605974 644151 659976 667799 671189 672306 68632 303609 1349702 2279780 2689384 2867531 2950920 2988016 3003139 68632 303609 1349702 6008309 10121695 11981543 12822723 13200794 13362225
9041 98858081 1 1 1 1 1 1 1 1 1 6 6 6 6 6 6 6 6 6 22 22 22 22 22 22 22 22 22 81 81 81 81 81 81 81 81 81 280 323 326 326 327 327 327 327 327 748 1224 1336 1356 1377 1400 1400 1402 1402 748 3154 4905 5601 5889 6111 6153 6181 6186 748 3154 12834 21349 24836 26842 27460 27862 27950 748 3154 12834 56172 93732 112355 119648 123413 124467
377 2056871823 17 17 17 17 17 17 17 17 17 81 81 81 82 82 82 82 82 82 339 339 339 346 346 346 346 346 346 1354 1401 1427 1477 1477 1477 1477 1477 1477 4932 5732 6090 6475 6514 6533 6534 6534 6535 12652 21330 24981 27983 28517 28798 28937 28966 28990 12652 56017 93695 116896 123582 126736 128589 129259 129558 12652 56017 246495 440084 515837 549793 567856 574750 577792 12652 56017 246495 1159081 1942018 2298758 2471716 2543163 2575059
219 1228513848 8 8 8 8 8 8 8 8 8 52 52 52 52 52 52 52 52 52 191 192 192 192 192 192 192 192 192 841 867 885 887 888 888 888 888 888 3126 3543 3773 3856 3890 3892 3904 3905 3912 8351 13425 15813 16765 17182 17311 17429 17442 17466 8351 35369 59551 69883 74286 76300 77347 77591 77823 8351 35369 157064 262598 309237 330673 341005 344631 346829 8351 35369 157064 692260 1165889 1382295 1482583 1523751 1544602
6749 530133245 5 5 5 5 5 5 5 5 5 18 18 18 18 18 18 18 18 18 71 73 73 91 91 91 91 91 91 257 287 288 384 384 385 385 385 385 1008 1218 1244 1728 1731 1750 1750 1750 1750 2647 4524 5083 7420 7538 7655 7662 7667 7667 2647 11844 18938 30809 32358 33463 33713 33829 33861 2647 11844 49875 115284 134156 144395 147683 149401 149983 2647 11844 49875 303730 505651 603556 641380 659241 666707
4341 52905521 1 1 1 1 1 1 1 1 1 5 5 5 5 5 5 5 5 5 14 14 14 14 14 14 14 14 14 50 50 50 50 50 50 50 50 50 174 183 186 188 188 188 188 188 188 442 683 767 785 786 786 788 788 788 442 1725 2874 3214 3321 3352 3378 3391 3392 442 1725 7704 12006 13746 14425 14783 14948 15000 442 1725 7704 31813 51629 60295 64077 65844 66611
5053 441139202 3 3 3 3 3 3 3 3 3 14 14 14 14 14 14 14 14 14 75 75 75 75 75 75 75 75 75 281 304 315 319 319 319 319 319 319 1022 1234 1355 1417 1437 1437 1437 1438 1438 2617 4501 5494 5943 6172 6197 6208 6231 6232 2617 11795 20794 24862 26862 27443 27670 27879 27919 2617 11795 54548 93522 111873 118950 121876 123743 124275 2617 11795 54548 247276 422174 497725 529644 546821 552842
4001 266507339 2 2 2 2 2 2 2 2 2 9 9 9 9 9 9 9 9 9 41 43 43 43 43 43 43 43 43 177 199 199 199 199 201 201 201 201 677 809 848 853 861 875 875 875 875 1742 2959 3422 3547 3620 3689 3697 3699 3713 1742 7820 12953 14878 15688 16305 16524 16591 16680 1742 7820 34537 56054 65833 71310 73602 74352 75011 1742 7820 34537 147139 247682 298641 321126 329461 334468
8597 103045222 1 1 1 1 1 1 1 1 1 6 6 6 6 6 6 6 6 6 15 15 15 15 15 15 15 15 15 55 56 60 62 62 62 62 62 62 199 254 303 315 316 316 316 316 316 486 973 1276 1423 1465 1470 1474 1475 1475 486 2480 4710 5877 6328 6462 6516 6533 6536 486 2480 12487 22065 26518 28150 28840 29128 29183 486 2480 12487 58024 99675 117594 125065 128246 129323
5583 6741184199 16 16 16 38 38 38 38 38 38 94 94 95 221 221 221 221 221 221 460 460 466 1001 1001 1001 1001 1001 1001 1993 2119 2200 4695 4703 4713 4714 4714 4714 7657 9014 9760 21028 21235 21394 21417 21421 21423 20141 33830 40715 91601 93944 95273 95635 95828 95896 20141 89384 153426 381232 405958 418550 423105 425348 426356 20141 89384 404953 1435488 1695362 1818247 1868153 1891644 1902445 20141 89384 404953 3782275 6386092 7601900 8119421 8360418 8468941
9399 90413566 3 3 3 3 3 3 3 3 3 6 6 6 6 6 6 6 6 6 16 16 16 16 16 16 16 16 16 55 56 56 56 56 56 56 56 56 197 231 246 256 256 256 256 256 256 539 946 1114 1240 1251 1252 1253 1255 1255 539 2530 4283 5214 5442 5533 5570 5617 5621 539 2530 11410 19961 22991 24315 24862 25269 25344 539 2530 11410 52866 86642 101935 108530 112049 113105
9441 194268428 1 1 1 1 1 1 1 1 1 4 4 4 4 4 4 4 4 4 16 16 16 16 16 16 16 16 16 110 110 119 119 119 119 132 132 132 462 494 574 578 581 582 625 625 625 1233 1824 2393 2483 2538 2555 2782 2784 2785 1233 4812 8979 10349 10975 11205 12372 12424 12434 1233 4812 23703 38965 45570 48509 54376 54872 55049 1233 4812 23703 102251 171173 201853 234734 240532 243027
357 5240970711 11 11 11 33 33 33 33 33 33 59 59 59 185 185 185 185 185 185 257 257 257 792 792 792 792 792 792 1066 1157 1181 3673 3680 3690 3690 3690 3690 4046 4905 5255 16471 16609 16742 16754 16758 16760 10575 18233 21833 71708 73313 74337 74593 74737 74792 10575 48016 82396 297954 316411 326067 329404 331086 331896 10575 48016 217073 1120085 1319827 1413910 1452060 1470104 1478643 10575 48016 217073 2951598 4970660 5909951 6310767 6498164 6582743
3471 118472369 1 1 1 1 1 1 1 1 1 6 6 6 6 6 6 6 6 6 25 25 25 25 25 25 25 25 25 107 107 107 107 107 107 107 107 107 343 366 374 375 375 375 375 376 376 901 1394 1554 1604 1616 1628 1628 1639 1639 901 3683 5867 6745 7047 7230 7245 7339 7343 901 3683 15511 25848 29980 32343 33035 33679 33805 901 3683 15511 67855 112108 133948 142412 147628 149075
287 1908997854 17 17 17 17 17 17 17 17 17 81 81 81 81 81 81 81 81 81 319 320 321 321 321 321 321 321 321 1294 1335 1360 1372 1372 1372 1372 1372 1372 4698 5496 5837 5970 6011 6017 6019 6029 6029 12424 20865 24681 26228 26853 26960 27023 27110 27112 12424 54882 92403 109559 116768 118997 120008 120850 121036 12424 54882 243569 413057 488256 517792 530387 537458 539929 12424 54882 243569 1088024 1839568 2165887 2308387 2377255 2405011
1483 3191088424 27 27 27 27 27 27 27 27 27 113 113 113 113 113 113 113 113 113 487 487 498 498 498 498 498 498 498 2019 2086 2209 2217 2223 2225 2225 2225 2225 7492 8689 9546 9730 9849 9908 9909 9912 9916 19815 33143 40718 43369 44547 45083 45245 45301 45356 19815 87519 153373 181040 192979 198595 200887 201672 202225 19815 87519 405808 682259 807142 863900 887531 896456 901421 19815 87519 405808 1798194 3035766 3606695 3853611 3956183 4005915
4203 1618364792 7 7 7 7 7 7 7 7 7 54 54 54 54 54 54 54 54 54 260 260 260 260 260 260 260 260 260 1124 1141 1147 1148 1148 1155 1155 1156 1156 4309 4781 4958 5023 5067 5116 5120 5124 5124 11370 18108 20874 21841 22318 22632 22740 22770 22784 11370 47978 79039 91576 97374 100390 101714 102226 102416 11370 47978 207525 342960 406215 435676 448194 453715 456094 11370 47978 207525 903169 1529502 1822206 1949769 2006701 2031815
8199 2229657893 19 19 19 19 19 19 19 19 19 76 76 76 76 76 76 76 76 76 356 358 358 359 359 359 359 359 359 1481 1522 1537 1558 1558 1560 1573 1573 1574 5537 6383 6719 6988 7016 7046 7099 7099 7111 14419 23857 28077 30316 30937 31328 31713 31737 31797 14419 62723 105395 126043 133650 137661 140582 141082 141593 14419 62723 277479 474270 557243 596847 619640 625870 630112 14419 62723 277479 1249265 2095970 2491220 2689335 2760892 2799493
3017 2640818904 20 20 20 20 20 20 20 20 20 95 95 95 95 95 95 95 95 95 378 378 386 386 386 386 386 386 386 1633 1677 1736 1748 1750 1750 1768 1768 1768 6217 7194 7841 8001 8058 8103 8182 8198 8199 16689 27490 33265 35453 36237 36732 37194 37341 37363 16689 71964 124827 147745 157146 161883 165182 166434 166722 16689 71964 328655 556731 656413 704072 730210 741250 744806 16689 71964 328655 1468037 2472135 2940616 3171894 3272985 3311677
8673 218070695 3 3 3 3 3 3 3 3 3 11 11 11 11 11 11 11 11 11 44 44 44 44 44 44 44 44 44 188 191 191 191 191 191 191 191 191 625 682 693 709 711 711 711 711 711 1625 2494 2799 3061 3123 3143 3152 3171 3172 1625 6486 10445 12683 13373 13657 13828 13987 13998 1625 6486 27358 47198 55218 58717 60461 61601 61865 1625 6486 27358 123959 207633 244899 262556 271928 274960
9217 64667952 1 1 1 1 1 1 1 1 1 3 3 3 3 3 3 3 3 3 10 10 10 10 10 10 10 10 10 37 37 37 39 39 39 39 39 39 150 159 164 185 199 199 199 199 199 385 538 623 735 848 875 875 878 878 385 1432 2256 3102 3790 3996 3999 4026 4058 385 1432 5956 11763 16106 17532 17768 17962 18184 385 1432 5956 31096 60840 73755 77718 79778 81392
3799 1278881360 10 10 10 10 10 10 10 10 10 43 43 43 43 43 43 43 43 43 210 210 210 210 210 210 210 210 210 832 868 887 887 887 888 888 888 888 3135 3697 3876 3930 3943 4004 4004 4009 4009 8265 13888 16281 17233 17536 17900 17975 18016 18037 8265 36381 60931 71943 76450 79217 80039 80609 80810 8265 36381 160609 270393 318677 343591 353115 358549 360600 8265 36381 160609 713133 1199137 1434101 1532922 1582577 1603047
481 1704072456 15 15 15 15 15 15 15 15 15 59 59 59 59 59 59 59 59 59 261 261 276 276 276 276 276 276 276 1132 1144 1241 1258 1260 1260 1260 1260 1260 4264 4723 5349 5477 5546 5549 5550 5552 5552 11103 17583 22081 23395 24081 24252 24299 24326 24341 11103 46256 83091 97580 104543 106913 107854 108304 108572 11103 46256 218173 366082 435264 463670 475308 480778 483711 11103 46256 218173 962193 1631357 1927877 2054786 2112835 2141617
9669 182615280 3 3 3 3 3 3 3 3 3 12 12 12 12 12 12 12 12 12 37 37 37 37 37 37 37 37 37 132 135 135 135 135 135 135 135 135 497 547 560 564 576 576 576 576 576 1321 2152 2386 2510 2614 2632 2647 2647 2648 1321 5593 8827 10209 11162 11388 11542 11576 11593 1321 5593 22821 37737 46066 48786 50369 50824 51041 1321 5593 22821 99343 174169 204615 220117 225674 228255
8521 147681909 1 1 1 1 1 1 1 1 1 6 6 6 6 6 6 6 6 6 25 25 25 25 25 25 25 25 25 91 94 109 109 110 110 110 110 110 329 372 458 463 485 485 485 485 485 855 1395 1800 1896 2008 2016 2028 2033 2033 855 3822 6930 8180 8999 9190 9283 9336 9342 855 3822 18387 31079 37978 40450 41584 42038 42125 855 3822 18387 81726 141973 168105 179282 184098 185759
4429 3261774837 31 31 31 31 31 31 31 31 31 144 144 144 144 144 144 144 144 144 553 563 563 563 563 563 563 563 563 2169 2320 2342 2348 2353 2354 2354 2354 2354 8136 9655 10107 10293 10377 10419 10424 10424 10424 21350 36258 41929 44354 45572 46049 46216 46259 46268 21350 95738 158101 185080 197832 203272 205434 206238 206589 21350 95738 416537 697216 826481 883809 907891 917672 922231 21350 95738 416537 1834621 3110195 3691485 3943158 4050740 4099648
679 1460590680 13 13 13 13 13 13 13 13 13 44 44 44 44 44 44 44 44 44 218 218 218 218 218 218 218 218 218 988 1022 1039 1039 1039 1039 1039 1039 1039 3791 4285 4523 4600 4613 4616 4631 4631 4631 9933 16061 18748 19881 20203 20373 20509 20523 20544 9933 42479 70655 83312 88079 90204 91406 91744 92082 9933 42479 186920 315264 369149 393130 404778 409254 412040 9933 42479 186920 831336 1390220 1644295 1761767 1810073 1835492
1043 907659050 9 9 9 9 9 9 9 9 9 29 29 29 29 29 29 29 29 29 135 140 140 140 140 140 140 140 140 537 600 615 627 627 627 627 627 627 2146 2634 2750 2832 2833 2843 2846 2846 2846 5609 9862 11455 12287 12477 12591 12665 12691 12691 5609 25918 43325 51875 54632 55998 56729 57062 57087 5609 25918 114093 195912 229233 244646 251794 255160 255871 5609 25918 114093 516467 865380 1024198 1096731 1129917 1140899
8687 733221354 2 2 2 2 2 2 2 2 2 14 14 14 14 14 14 14 14 14 78 78 86 87 87 87 87 87 87 420 427 478 494 494 494 494 497 497 1563 1760 2049 2171 2179 2179 2179 2212 2212 4187 6907 8832 9774 9980 10063 10087 10336 10337 4187 17988 32853 40314 42752 43880 44226 45527 45620 4187 17988 87083 153296 180665 193309 198184 204950 206096 4187 17988 87083 404082 681443 810213 863890 907725 919940
687 5621005231 40 40 40 40 40 40 40 40 40 203 205 205 205 205 205 205 205 205 815 850 850 852 855 855 855 855 855 3362 3679 3722 3764 3804 3823 3823 3823 3823 12796 15700 16426 16991 17393 17521 17535 17539 17540 33686 59458 69031 74522 77619 78714 78971 79079 79142 33686 156224 259495 311461 337005 347411 351063 352493 353281 33686 156224 684211 1175699 1410660 1513908 1555712 1573926 1582422 33686 156224 684211 3097530 5312645 6330025 6769599 6961935 7049565
2021 242978191 2 2 2 2 2 2 2 2 2 10 10 10 10 10 10 10 10 10 36 36 36 36 36 36 36 36 36 118 141 148 150 150 150 150 150 150 481 663 730 762 780 780 780 781 781 1201 2423 2931 3166 3348 3358 3363 3386 3386 1201 6378 11070 13364 14725 15030 15160 15325 15350 1201 6378 28963 50539 61584 65413 67088 68350 68665 1201 6378 28963 133545 231780 272984 290900 301499 305000
8009 217045781 2 2 2 2 2 2 2 2 2 11 11 11 11 11 11 11 11 11 45 45 45 45 45 45 45 45 45 147 160 160 160 165 165 169 169 169 548 636 670 676 697 697 711 711 711 1428 2366 2863 2994 3080 3091 3164 3167 3170 1428 6123 10760 12276 13144 13336 13735 13819 13849 1428 6123 28311 45639 54206 57088 59957 60712 61022 1428 6123 28311 120433 204072 238548 260876 268684 271889
5183 550255394 8 8 8 8 8 8 8 8 8 32 32 32 32 32 32 32 32 32 118 118 119 119 119 119 119 119 119 393 405 419 421 421 421 421 421 421 1404 1563 1688 1727 1733 1733 1733 1733 1733 3640 5894 6978 7442 7547 7624 7638 7653 7655 3640 15516 26507 31558 33334 34283 34568 34727 34777 3640 15516 69785 118452 138981 148814 152266 154078 154778 3640 15516 69785 312440 524299 622946 662566 681378 689530
5891 686273774 2 2 2 2 2 2 2 2 2 12 12 12 12 12 12 12 12 12 75 77 86 86 86 86 86 86 86 374 401 442 446 446 446 446 447 447 1499 1768 2055 2092 2117 2142 2144 2167 2167 4030 6739 8540 9063 9349 9553 9598 9730 9730 4030 17476 31928 37714 40441 42010 42487 43274 43313 4030 17476 84083 141403 169023 182524 187473 192569 193222 4030 17476 84083 373766 639421 765354 816941 853210 861993
5823 751000839 6 6 6 6 6 6 6 6 6 22 22 22 22 22 22 22 22 22 105 106 106 106 106 106 106 106 106 489 540 540 541 541 544 544 544 544 1776 2196 2250 2281 2304 2328 2328 2331 2331 4707 8483 9608 10097 10358 10538 10563 10578 10581 4707 22215 36123 41983 44697 46287 46832 47029 47122 4707 22215 95197 158088 187099 201415 207310 209760 210782 4707 22215 95197 417771 706862 844558 904153 929675 940465
2697 56981062 2 2 2 2 2 2 2 2 2 9 9 9 9 9 9 9 9 9 17 17 17 17 17 17 17 17 17 47 47 47 47 47 47 47 47 47 158 181 183 188 198 198 198 198 198 386 581 666 738 803 803 804 804 804 386 1514 2470 3087 3529 3572 3590 3600 3600 386 1514 6598 11672 14778 15518 15925 16106 16131 386 1514 6598 30793 55850 64660 68875 70723 71276
7277 1318817660 7 7 7 7 7 7 7 7 7 36 36 36 36 36 36 36 36 36 203 203 203 203 203 203 203 203 203 878 914 921 921 926 926 926 926 926 3216 3816 3975 3997 4061 4087 4094 4094 4094 8624 14577 16878 17626 18271 18547 18643 18651 18660 8624 38170 63274 73215 78995 81443 82576 82885 83023 8624 38170 166490 276372 331059 355238 366405 370541 372203 8624 38170 166490 727600 1243382 1480673 1589512 1634784 1653530
797 155302402 3 3 3 3 3 3 3 3 3 6 6 6 6 6 6 6 6 6 30 30 30 30 30 30 30 30 30 132 132 132 132 132 132 132 132 132 440 461 469 469 469 481 483 483 483 1187 1765 2055 2098 2129 2210 2224 2224 2226 1187 4614 7806 8828 9336 9835 9945 9946 9982 1187 4614 20349 32508 38420 42089 43325 43643 43972 1187 4614 20349 85732 144421 175351 188126 192447 195252
9661 36075139 1 1 1 1 1 1 1 1 1 2 2 2 2 2 2 2 2 2 7 7 7 7 7 7 7 7 7 24 24 24 24 24 24 24 24 24 121 125 125 125 126 126 126 126 126 323 437 480 492 512 520 520 520 520 323 1169 1836 2078 2239 2322 2326 2326 2326 323 1169 4733 7686 9228 9978 10123 10199 10216 323 1169 4733 20169 34796 41763 43960 44841 45177
7801 70190747 2 2 2 2 2 2 2 2 2 4 4 4 4 4 4 4 4 4 17 17 17 17 17 17 17 17 17 59 63 63 63 63 63 63 63 63 216 248 249 252 252 252 252 252 252 557 851 910 973 976 977 978 980 980 557 2244 3436 4115 4204 4282 4337 4366 4374 557 2244 9105 15854 17822 18995 19471 19786 19844 557 2244 9105 41740 66842 78753 83930 87058 88014
6517 1476575381 7 7 7 7 7 7 7 7 7 50 50 50 50 50 50 50 50 50 224 227 227 227 227 227 227 227 227 928 979 995 1000 1003 1003 1003 1003 1003 3553 4170 4410 4504 4590 4605 4606 4606 4607 9514 15960 18711 19869 20564 20716 20782 20803 20814 9514 42107 70630 83483 90036 92069 92902 93236 93408 9514 42107 186094 314775 377212 399816 409987 414327 416247 9514 42107 186094 830472 1424082 1673379 1784947 1834160 1855645
927 3321250037 28 28 28 28 28 28 28 28 28 118 118 118 118 118 118 118 118 118 506 506 517 517 517 517 517 517 517 2094 2168 2294 2302 2308 2310 2310 2310 2310 7730 9007 9906 10090 10209 10268 10269 10272 10276 20486 34494 42394 45113 46305 46854 47017 47073 47128 20486 91075 159767 188450 200771 206602 208970 209761 210322 20486 91075 422869 710323 839984 899112 923642 932822 937927 20486 91075 422869 1872695 3160299 3754823 4011534 4118032 4169518
7951 1051780868 6 6 6 6 6 6 6 6 6 36 36 36 36 36 36 36 36 36 174 177 177 177 178 178 178 178 178 666 694 710 713 719 719 719 719 719 2428 2870 3128 3165 3220 3220 3220 3220 3226 6518 11157 13534 14060 14611 14678 14711 14721 14772 6518 29508 51186 58814 63886 65044 65591 65822 66202 6518 29508 135732 222394 268815 284468 291582 294579 297266 6518 29508 135732 586114 1011261 1188330 1265847 1300851 1321942
1763 485113016 6 6 6 6 6 6 6 6 6 23 23 23 23 23 23 23 23 23 85 85 85 85 85 85 85 85 85 334 340 349 349 349 349 349 349 349 1187 1307 1453 1472 1485 1490 1490 1491 1491 3207 5144 6276 6549 6711 6841 6857 6874 6874 3207 13412 23840 27636 29484 30495 30810 30943 30950 3207 13412 62717 103700 122790 131937 135261 136720 137147 3207 13412 62717 273138 462971 551043 587611 603136 609116
2387 672593286 5 5 5 5 5 5 5 5 5 19 19 19 19 19 19 19 19 19 84 95 95 95 95 95 95 95 95 391 465 466 466 466 466 466 466 466 1415 1919 1993 2010 2019 2024 2043 2043 2043 3741 7431 8630 9084 9261 9349 9499 9520 9521 3741 19553 32375 37864 40096 41248 42216 42423 42495 3741 19553 85531 142295 167746 179430 186471 188819 189778 3741 19553 85531 374625 631973 749188 809990 834249 845122
3353 994439205 3 3 3 3 3 3 3 3 3 35 35 35 35 35 35 35 35 35 159 159 159 160 160 160 160 160 160 639 650 662 684 687 687 687 687 687 2412 2700 2872 3010 3052 3053 3053 3053 3053 6416 10409 12324 13455 13987 14103 14147 14166 14168 6416 27500 46422 55951 60463 61834 62462 62661 62716 6416 27500 121937 209907 252072 267927 275187 277958 279019 6416 27500 121937 552694 951273 1122347 1200420 1232235 1246201
4071 277208661 2 2 2 2 2 2 2 2 2 14 14 14 14 14 14 14 14 14 38 38 43 43 43 43 43 43 43 175 183 214 214 214 214 214 214 214 641 748 899 907 908 908 909 909 909 1698 2815 3652 3882 3973 3980 3999 4016 4016 1698 7338 13409 15822 16868 17157 17327 17460 17466 1698 7338 35152 59476 70644 74993 76986 77942 78173 1698 7338 35152 157303 266487 313146 334561 344218 347934
9161 64048971 1 1 1 1 1 1 1 1 1 2 2 2 2 2 2 2 2 2 14 14 14 14 14 14 14 14 14 58 58 58 58 58 58 58 58 58 194 217 218 218 218 218 218 218 218 508 808 912 929 931 932 934 934 934 508 2107 3373 3865 3996 4044 4092 4099 4100 508 2107 8879 14465 16665 17564 17997 18095 18156 508 2107 8879 38201 63199 73705 78317 79907 80691
2439 245524977 5 5 5 5 5 5 5 5 5 13 13 13 13 13 13 13 13 13 37 37 37 37 37 37 37 37 37 168 169 171 172 173 173 173 173 173 655 746 782 821 832 832 832 832 832 1697 2717 3249 3527 3624 3638 3648 3657 3657 1697 7201 12234 14594 15460 15688 15870 15961 15988 1697 7201 32395 54628 63779 67187 68980 69806 70129 1697 7201 32395 143301 238431 278696 297419 306049 309585
1729 5221760200 38 38 38 38 38 38 38 38 38 200 201 201 201 201 201 201 201 201 850 857 864 864 869 869 869 869 869 3388 3550 3613 3627 3652 3656 3656 3656 3656 12796 14825 15761 16121 16323 16373 16403 16409 16413 34043 56264 66365 70523 72799 73487 73764 73856 73924 34043 148138 249899 294416 316026 324523 327785 329118 329832 34043 148138 659689 1109701 1322656 1413267 1450386 1466558 1474395 34043 148138 659689 2925909 4984875 5911115 6306067 6482264 6563687
9419 95699841 2 2 2 2 2 2 2 2 2 4 4 4 4 4 4 4 4 4 20 20 20 20 20 20 20 20 20 74 75 75 75 75 75 75 75 75 243 280 288 289 300 300 305 305 305 606 1033 1195 1261 1313 1314 1347 1347 1347 606 2674 4539 5390 5761 5815 6013 6019 6035 606 2674 11942 20043 23653 24843 26157 26424 26650 606 2674 11942 52882 89062 104018 114120 117255 119203
6369 456571488 2 2 2 2 2 2 2 2 2 16 16 16 16 16 16 16 16 16 74 79 79 79 79 79 79 79 79 277 318 325 325 325 325 325 325 325 972 1265 1361 1376 1380 1384 1385 1385 1385 2516 4915 5735 6014 6202 6253 6269 6300 6300 2516 13201 22194 25564 27578 28346 28617 28846 28889 2516 13201 58431 95729 114553 122699 126081 127945 128518 2516 13201 58431 252043 432133 515265 550932 567830 574439
8627 471170002 2 2 2 2 2 2 2 2 2 14 14 14 14 14 14 14 14 14 62 63 68 68 68 68 68 68 68 281 298 331 334 334 334 334 334 334 986 1186 1373 1408 1417 1420 1424 1427 1427 2503 4505 5819 6259 6418 6508 6536 6579 6582 2503 11876 21867 26099 27915 28780 29127 29456 29507 2503 11876 58171 99280 117788 126362 130057 132601 133174 2503 11876 58171 261663 443720 528190 565035 585621 592366
7001 203018204 2 2 2 2 2 2 2 2 2 8 8 8 8 8 8 8 8 8 29 29 30 30 30 30 30 30 30 127 127 139 139 139 139 139 139 139 475 527 590 597 614 614 615 615 615 1256 1993 2502 2622 2756 2780 2792 2792 2792 1256 5276 9543 11070 12195 12523 12668 12679 12680 1256 5276 25421 42198 51727 55038 56540 56952 57148 1256 5276 25421 111886 195907 230631 246868 252628 255417
1819 179742307 4 4 4 4 4 4 4 4 4 9 9 9 9 9 9 9 9 9 47 47 47 47 47 47 47 47 47 150 150 150 150 151 151 151 151 151 553 566 578 597 608 608 608 608 608 1361 1984 2273 2486 2576 2582 2592 2592 2592 1361 5132 8477 10205 10957 11131 11267 11318 11340 1361 5132 22273 38572 46010 48453 49816 50442 50725 1361 5132 22273 102202 173707 202883 216951 223466 226203
7831 64839788 1 1 1 1 1 1 1 1 1 4 4 4 4 4 4 4 4 4 21 21 21 21 21 21 21 21 21 52 52 52 52 52 52 52 52 52 179 194 197 197 197 197 197 197 197 511 809 925 929 934 938 938 956 956 511 2137 3479 3843 4032 4099 4104 4185 4186 511 2137 9180 14360 16803 17772 18104 18639 18722 511 2137 9180 37789 62357 72777 77103 80882 81987
457 2346706620 25 25 25 25 25 25 25 25 25 82 82 82 82 82 82 82 82 82 371 371 371 371 371 371 371 371 371 1638 1694 1703 1712 1712 1712 1713 1713 1713 5966 6758 7073 7224 7264 7299 7304 7305 7305 15694 25604 29866 31845 32466 32827 32934 32973 32984 15694 67830 112993 134169 142005 145952 147401 147854 148077 15694 67830 298314 507025 595616 636632 653360 659883 662881 15694 67830 298314 1336811 2241247 2659709 2838626 2914333 2948649
8001 738451181 1 1 1 1 1 1 1 1 1 7 7 7 7 7 7 7 7 7 91 99 99 99 99 99 99 99 99 402 495 496 499 499 499 499 499 499 1520 2167 2244 2277 2277 2287 2287 2287 2287 4043 8350 9574 10093 10204 10317 10348 10351 10351 4043 22259 36373 42521 44797 46103 46655 46759 46818 4043 22259 95961 159477 186901 199700 205863 207643 208513 4043 22259 95961 419141 702649 832082 892192 914494 925093
8233 813986989 6 6 6 6 6 6 6 6 6 26 26 26 26 26 26 26 26 26 140 140 140 140 140 140 140 140 140 538 550 551 551 559 559 572 572 572 2075 2353 2430 2465 2510 2510 2572 2591 2591 5441 8783 10054 10519 10971 11031 11310 11418 11426 5441 23157 37899 44219 47837 48786 50368 51038 51140 5441 23157 100037 167437 201278 213239 223635 228294 229390 5441 23157 100037 441207 759188 890923 972432 1009786 1021979
9781 1241056842 7 7 7 7 7 7 7 7 7 43 43 43 43 43 43 43 43 43 186 186 193 193 193 193 193 193 193 846 885 926 926 930 930 930 930 930 3023 3580 3895 3960 3989 3991 3996 3996 3996 7996 13581 16293 17209 17529 17646 17723 17738 17761 7996 35706 60642 71083 75408 77186 78017 78303 78529 7996 35706 160191 268096 316498 336469 345528 349182 351227 7996 35706 160191 704538 1189458 1403533 1498970 1539297 1558531
5717 48409362 2 2 2 2 2 2 2 2 2 4 4 4 4 4 4 4 4 4 11 11 11 11 11 11 11 11 11 41 41 41 41 41 41 41 41 41 154 162 166 167 172 172 172 172 172 393 559 637 662 718 718 718 719 719 393 1466 2419 2684 3061 3095 3118 3138 3138 393 1466 6299 9973 12572 13113 13418 13642 13671 393 1466 6299 26030 47314 54576 58130 60332 60796
6743 395439408 3 3 3 3 3 3 3 3 3 20 20 20 20 20 20 20 20 20 68 68 68 68 68 68 68 68 68 246 249 251 251 251 251 251 251 251 981 1123 1149 1172 1185 1186 1191 1191 1191 2592 4313 4885 5238 5415 5523 5551 5552 5552 2592 11377 18435 22040 23815 24759 25003 25055 25077 2592 11377 48714 83129 99122 107481 110298 111385 111694 2592 11377 48714 219585 373516 449726 479114 491617 496036
9087 315495424 1 1 1 1 1 1 1 1 1 7 7 7 7 7 7 7 7 7 46 49 49 49 49 49 49 49 49 178 193 203 203 203 203 203 203 203 735 847 955 960 968 970 970 974 975 2011 3278 4088 4308 4396 4463 4474 4496 4514 2011 8686 15559 18243 19204 19778 19938 20154 20262 2011 8686 40800 68603 79547 85026 86986 88902 89625 2011 8686 40800 180325 298113 353581 376160 390743 396887
7451 1197550765 5 5 5 5 5 5 5 5 5 31 31 31 31 31 31 31 31 31 184 184 184 184 184 184 184 184 184 793 828 835 835 840 840 840 840 840 2914 3449 3603 3621 3683 3709 3716 3716 3716 7758 13044 15200 15875 16456 16731 16827 16835 16844 7758 34192 57236 66220 71389 73726 74827 75120 75255 7758 34192 150742 250260 299623 321969 332464 336256 337821 7758 34192 150742 658328 1124755 1341705 1441909 1483379 1500660
8377 1559564201 2 2 2 2 2 2 2 2 2 39 39 39 39 39 39 39 39 39 218 236 239 239 239 239 239 239 239 943 1066 1102 1121 1125 1125 1125 1125 1125 3637 4494 4721 4868 4939 4947 4968 4978 4978 9277 16656 19454 20987 21534 21705 21835 21948 21950 9277 43887 73435 87754 93919 96183 97457 98226 98321 9277 43887 193598 331672 393414 419530 432304 438850 440519 9277 43887 193598 874567 1479951 1751980 1878655 1937519 1958404
8013 487052348 4 4 4 4 4 4 4 4 4 21 21 21 21 21 21 21 21 21 66 66 66 66 66 66 66 66 66 325 328 330 344 344 344 344 344 344 1210 1352 1411 1496 1508 1512 1512 1515 1515 3272 5072 5891 6496 6713 6780 6790 6821 6821 3272 13348 22193 27117 29215 30076 30386 30618 30671 3272 13348 58471 101934 122045 131014 134622 136748 137446 3272 13348 58471 268218 458189 546923 583749 602706 610202
819 5616131484 34 34 34 34 34 34 34 34 34 169 169 170 170 171 171 171 171 171 776 786 799 803 840 840 844 844 844 3414 3603 3739 3770 3927 3932 3979 3979 3979 12772 14984 16170 16600 17428 17491 17757 17762 17779 33774 56622 67637 72218 76920 77714 79090 79188 79280 33774 149256 254208 301002 333882 342931 352064 353499 354396 33774 149256 670483 1133955 1394585 1491172 1556357 1573810 1582825 33774 149256 670483 2988258 5252781 6235664 6769597 6957907 7046259
8003 578053809 4 4 4 4 4 4 4 4 4 23 23 23 23 23 23 23 23 23 105 105 105 105 105 105 105 105 105 408 415 415 416 416 416 416 416 416 1590 1768 1835 1853 1855 1866 1866 1884 1884 4093 6448 7412 7700 7839 7973 7979 8126 8126 4093 17088 27833 32016 34043 35205 35410 36093 36163 4093 17088 73587 121170 143044 154107 157296 161395 162208 4093 17088 73587 319760 540128 646293 686148 716321 725129
389 2070507038 15 15 15 15 15 15 15 15 15 91 91 91 91 91 91 91 91 91 360 366 366 366 366 366 366 366 366 1396 1503 1517 1520 1520 1520 1520 1520 1520 5168 6204 6506 6645 6671 6675 6679 6679 6679 13563 23106 26812 28451 29042 29232 29349 29390 29392 13563 60811 100573 118375 125605 128682 130209 130806 130996 13563 60811 264737 446113 524971 559854 575791 582380 585014 13563 60811 264737 1173134 1974633 2338871 2501586 2571502 2601304
6349 372545200 5 5 5 5 5 5 5 5 5 17 17 17 17 17 17 17 17 17 77 77 77 77 77 77 77 77 77 292 296 297 297 297 297 297 297 297 1000 1146 1173 1181 1183 1183 1183 1183 1183 2574 4294 4848 5073 5143 5164 5170 5175 5175 2574 11436 18460 21476 22548 23084 23285 23393 23412 2574 11436 48622 81387 94851 101086 103586 104859 105178 2574 11436 48622 214184 355791 421857 449771 463053 467702
5997 152185173 2 2 2 2 2 2 2 2 2 6 6 6 6 6 6 6 6 6 25 25 25 25 25 25 25 25 25 105 105 108 108 108 108 108 108 108 385 424 454 473 474 474 474 474 474 983 1595 1957 2112 2140 2146 2152 2156 2156 983 4180 7591 9021 9434 9566 9641 9671 9706 983 4180 20122 34138 39383 41507 42597 43006 43267 983 4180 20122 90731 148032 173271 184894 189625 191967
6319 111642808 2 2 2 2 2 2 2 2 2 6 6 6 6 6 6 6 6 6 21 21 21 21 21 21 21 21 21 74 83 83 83 83 83 83 83 83 295 356 358 358 360 362 362 362 362 736 1282 1426 1472 1517 1533 1539 1539 1553 736 3391 5421 6210 6726 6894 7012 7020 7074 736 3391 14067 23073 28043 29993 31016 31226 31666 736 3391 14067 61267 105997 125327 134640 137529 140595
1271 301369731 3 3 3 3 3 3 3 3 3 13 13 13 13 13 13 13 13 13 50 50 50 50 50 50 50 50 50 198 200 202 202 202 202 202 202 202 808 885 943 949 951 953 953 953 953 2123 3311 3972 4156 4221 4261 4285 4290 4291 2123 8732 14878 17043 18047 18495 18766 18850 18878 2123 8732 39556 64628 75615 80889 83434 84364 84724 2123 8732 39556 170246 284619 339095 363854 374115 378388
3167 189657444 3 3 3 3 3 3 3 3 3 7 7 7 7 7 7 7 7 7 31 31 31 31 31 31 31 31 31 140 141 141 147 147 147 147 147 147 527 576 605 657 657 657 659 659 659 1359 2006 2363 2675 2698 2702 2732 2732 2735 1359 5300 8826 11072 11475 11663 11876 11906 11934 1359 5300 23108 41490 47780 50591 52298 52790 53109 1359 5300 23108 109067 179524 211300 227763 233596 236715
7499 2115335806 13 13 13 13 13 13 13 13 13 70 70 70 70 70 70 70 70 70 308 309 313 313 313 313 313 313 313 1311 1377 1467 1478 1480 1480 1490 1490 1490 4963 5760 6353 6546 6624 6646 6749 6750 6751 13086 21875 26418 28447 29329 29609 30156 30205 30225 13086 57413 98846 117653 125937 129417 132962 133635 133928 13086 57413 260294 442662 525880 561726 587560 594690 597908 13086 57413 260294 1164475 1974834 2341130 2547681 2622535 2656188
7903 155256748 2 2 2 2 2 2 2 2 2 10 10 10 10 10 10 10 10 10 34 34 34 34 34 34 34 34 34 109 114 114 114 114 114 114 114 114 422 493 499 505 505 505 505 505 505 1121 1832 1979 2105 2118 2139 2139 2149 2149 1121 4838 7491 8928 9260 9487 9567 9635 9648 1121 4838 19834 33587 38611 41263 42289 42915 43146 1121 4838 19834 88939 146195 173771 185152 191027 193571
5409 870834405 11 11 11 11 11 11 11 11 11 43 43 43 43 43 43 43 43 43 161 161 161 161 161 161 161 161 161 584 610 614 614 625 625 625 625 625 2083 2503 2661 2715 2837 2839 2839 2839 2839 5396 9458 11237 11794 12464 12537 12559 12575 12578 5396 24719 41955 48673 53295 54448 54945 55206 55290 5396 24719 111020 183153 222526 236366 242606 245404 246560 5396 24719 111020 482831 837807 987038 1053457 1082658 1095483
2277 416434035 7 7 7 7 7 7 7 7 7 17 17 17 17 17 17 17 17 17 80 80 80 80 80 80 80 80 80 277 280 280 280 280 280 280 280 280 1098 1222 1250 1273 1277 1279 1280 1280 1280 2900 4622 5251 5593 5702 5745 5775 5776 5778 2900 12161 19875 23486 24866 25526 25909 26012 26107 2900 12161 52290 88533 104439 111561 115124 116369 117221 2900 12161 52290 233075 393093 465758 500619 514652 522453
7401 842071874 9 9 9 9 9 9 9 9 9 27 27 27 27 27 27 27 27 27 136 136 136 136 136 136 136 136 136 557 591 595 600 600 600 600 600 600 2040 2424 2553 2634 2647 2650 2657 2657 2657 5368 9191 10801 11656 11874 11929 12032 12041 12043 5368 24305 40592 48173 51121 52137 52982 53138 53234 5368 24305 106936 180412 213375 226409 233819 235994 237116 5368 24305 106936 475571 804310 946506 1018067 1044219 1056244
6027 173499617 4 4 4 4 4 4 4 4 4 9 9 9 9 9 9 9 9 9 30 30 30 30 30 30 30 30 30 121 124 124 124 124 124 124 124 124 409 466 489 500 504 518 518 518 518 1083 1876 2172 2365 2443 2538 2538 2540 2545 1083 4984 8118 9801 10491 11102 11172 11274 11302 1083 4984 21433 36369 42801 47233 48223 49116 49294 1083 4984 21433 95689 159879 196296 208649 216093 218589
4911 68674414 1 1 1 1 1 1 1 1 1 4 4 4 4 4 4 4 4 4 15 15 15 15 15 15 15 15 15 43 43 43 43 43 43 43 43 43 170 175 179 180 180 180 180 180 180 493 792 846 914 931 940 941 941 941 493 2127 3200 3970 4206 4302 4335 4355 4355 493 2127 8431 14874 17494 18556 18946 19201 19232 493 2127 8431 39195 65735 77748 82637 85345 85926
2403 950764458 5 5 5 5 5 5 5 5 5 29 29 29 29 29 29 29 29 29 138 139 140 140 140 140 140 140 140 630 648 667 673 673 673 673 673 673 2284 2648 2890 2975 2984 2990 2990 2990 2990 6037 10139 12302 13097 13354 13407 13431 13451 13451 6037 26691 46029 54816 58180 59321 59791 60100 60168 6037 26691 121453 206596 243467 258190 264291 267432 268497 6037 26691 121453 543661 915806 1079074 1149588 1182574 1195362
7963 17189993 2 2 2 2 2 2 2 2 2 4 4 4 4 4 4 4 4 4 9 9 9 9 9 9 9 9 9 16 16 16 16 16 16 16 16 16 50 70 70 70 70 70 70 70 70 112 246 253 261 261 261 266 266 266 112 650 857 1017 1046 1054 1089 1090 1090 112 650 2268 3927 4409 4672 4885 4916 4924 112 650 2268 10148 16189 19302 21011 21462 21711
4191 30967929 1 1 1 1 1 1 1 1 1 4 4 4 4 4 4 4 4 4 13 13 13 13 13 13 13 13 13 36 36 36 36 36 36 36 36 36 110 115 117 117 117 117 117 117 117 291 436 484 502 504 504 504 504 504 291 1122 1695 1922 1973 1992 1992 1994 1994 291 1122 4474 7319 8241 8640 8734 8828 8858 291 1122 4474 19047 30616 35532 37284 38387 38801
5087 292454352 3 3 3 3 3 3 3 3 3 9 9 9 9 9 9 9 9 9 41 41 41 41 41 41 41 41 41 198 203 221 225 225 225 225 225 225 712 801 890 921 921 926 926 926 926 1954 3100 3725 4005 4050 4113 4122 4128 4128 1954 8107 14210 16883 17775 18266 18416 18518 18524 1954 8107 37308 63494 74351 79245 81309 82495 82770 1954 8107 37308 167546 280122 331098 353212 364123 367999
1477 1922125231 13 13 13 13 13 13 13 13 13 70 70 70 70 70 70 70 70 70 289 290 291 292 292 292 292 292 292 1242 1303 1338 1351 1355 1357 1357 1357 1357 4506 5452 5822 5940 6033 6067 6069 6069 6069 11818 20566 24435 25914 26736 27055 27144 27167 27171 11818 54226 92105 108298 116471 119736 121179 121566 121698 11818 54226 242897 407485 486397 520310 535279 540537 542570 11818 54226 242897 1071947 1829960 2173589 2326202 2386808 2413272
499 3890566899 28 28 28 28 28 28 28 28 28 114 114 114 114 114 114 114 114 114 573 580 581 581 581 581 581 581 581 2501 2625 2648 2659 2660 2661 2661 2661 2661 9533 11202 11710 11895 11999 12039 12072 12080 12096 25209 42320 49254 51793 53208 53792 54114 54202 54357 25209 111790 186779 217768 232671 239174 242233 243455 244569 25209 111790 492675 820359 972940 1041001 1071644 1084379 1092902 25209 111790 492675 2161724 3664499 4353544 4663573 4799234 4871187
5491 57630400 1 1 1 1 1 1 1 1 1 5 5 5 5 5 5 5 5 5 14 14 14 14 14 14 14 14 14 52 56 56 56 56 56 56 56 56 172 190 190 193 193 193 193 193 193 439 722 768 820 823 823 826 832 832 439 1872 2800 3268 3400 3442 3479 3530 3535 439 1872 7347 12725 14642 15393 15776 16140 16193 439 1872 7347 33820 55111 64365 68621 71294 72037
9359 1713537830 16 16 16 16 16 16 16 16 16 47 47 47 47 47 47 47 47 47 239 239 239 239 239 239 239 239 239 1159 1209 1217 1226 1226 1226 1227 1227 1227 4264 4906 5155 5271 5303 5323 5328 5329 5329 11138 18595 21716 23218 23696 23944 24043 24078 24085 11138 49183 81887 97564 103509 106353 107512 107851 108010 11138 49183 216096 368248 433936 463598 476313 481146 483356 11138 49183 216096 970382 1631959 1936215 2069047 2125327 2150567
9917 450971440 1 1 1 1 1 1 1 1 1 5 15 15 15 15 15 15 15 15 13 63 70 70 70 70 70 70 70 65 290 332 334 334 334 334 334 334 235 1120 1370 1399 1407 1408 1409 1409 1409 599 4239 5803 6165 6253 6275 6302 6307 6314 599 11149 21929 26048 27557 28033 28355 28457 28528 599 11149 58284 98635 115614 121789 125447 126776 127604 599 11149 58284 260162 435619 509177 545430 559923 567823
8359 211542778 4 4 4 4 4 4 4 4 4 8 8 8 8 8 8 8 8 8 28 28 28 28 28 28 28 28 28 133 136 137 137 142 142 142 142 142 521 573 597 607 626 626 626 626 626 1395 2216 2578 2757 2941 2955 2976 2976 2978 1395 5708 9498 11233 12447 12693 12911 12917 12961 1395 5708 25369 42841 53033 56482 58307 58657 59070 1395 5708 25369 113550 201043 238163 255992 261452 265197
2461 291123496 2 2 2 2 2 2 2 2 2 12 12 12 12 12 12 12 12 12 53 53 53 53 53 53 53 53 53 210 221 221 221 226 226 226 226 226 792 915 959 967 992 993 994 994 994 2058 3268 3822 3992 4191 4215 4237 4237 4240 2058 8517 14280 16593 18065 18357 18540 18569 18630 2058 8517 37588 62531 75689 79562 81722 82387 83033 2058 8517 37588 163892 282986 330114 352888 361599 366815
8633 1183841334 9 9 9 9 9 9 9 9 9 37 37 37 37 37 37 37 37 37 173 174 174 174 174 174 174 174 174 788 827 832 833 833 833 833 833 833 2984 3409 3599 3667 3673 3680 3681 3681 3681 7924 12693 14959 16024 16288 16488 16522 16557 16561 7924 33582 56592 67461 71231 73336 73902 74257 74377 7924 33582 149103 254164 298388 319721 327494 331570 333112 7924 33582 149103 670756 1124524 1336687 1424794 1467018 1484596
5661 150612695 1 1 1 1 1 1 1 1 1 5 5 5 5 5 5 5 5 5 19 19 19 19 19 19 19 19 19 92 92 92 92 92 92 93 93 93 401 439 450 456 457 460 470 470 470 1116 1639 1812 1943 2001 2056 2131 2131 2131 1116 4330 6891 8103 8619 9049 9500 9512 9537 1116 4330 17998 29978 35489 39030 41769 42079 42315 1116 4330 17998 79407 134946 164749 183172 187474 189722
139 5450795377 29 29 29 29 29 29 29 29 29 141 141 156 156 156 156 156 156 156 739 741 825 825 825 825 825 825 825 3130 3265 3741 3763 3765 3771 3771 3772 3772 12110 13832 16665 17023 17136 17243 17266 17300 17300 31845 51511 69398 73720 75590 76654 77013 77238 77258 31845 135606 260310 306580 327298 337565 341812 343969 344452 31845 135606 686371 1152391 1365076 1466535 1509471 1530164 1537221 31845 135606 686371 3032061 5136498 6133773 6568341 6767677 6847324
9519 257457520 3 3 3 3 3 3 3 3 3 12 12 12 12 12 12 12 12 12 37 37 37 37 37 37 37 37 37 163 166 166 166 166 166 166 166 166 654 761 804 808 815 824 824 824 824 1763 2823 3387 3486 3572 3701 3724 3724 3725 1763 7349 12565 14253 15167 16033 16289 16320 16353 1763 7349 33466 53789 63320 69679 72014 72587 72928 1763 7349 33466 141191 237239 290266 311933 319555 323468
279 8674145769 57 59 59 59 59 59 59 59 59 267 284 284 284 284 284 284 284 284 1180 1294 1337 1339 1339 1339 1339 1339 1339 5058 5725 5979 6023 6041 6056 6069 6069 6069 19245 24114 26135 26790 27025 27201 27294 27332 27338 50864 90823 108971 116206 119294 120922 121708 122133 122229 50864 240273 412333 487939 520865 536183 543569 547200 548240 50864 240273 1087425 1838700 2180291 2332621 2403341 2436095 2448084 50864 240273 1087425 4847708 8211808 9748148 10445699 10763977 10894738
3657 1414292619 8 8 8 8 8 8 8 8 8 57 57 57 57 57 57 57 57 57 233 233 234 234 234 236 236 236 236 924 938 961 970 970 982 982 982 982 3515 3915 4182 4287 4295 4343 4369 4369 4369 9381 15146 17895 19095 19318 19670 19949 19971 19988 9381 40051 67544 79939 83753 86787 88841 89165 89291 9381 40051 178289 301656 350090 377484 393378 397771 399459 9381 40051 178289 795408 1320534 1578268 1710356 1757933 1778264
2437 519745619 4 4 4 4 4 4 4 4 4 21 21 21 21 21 21 21 21 21 64 67 79 79 79 79 79 79 79 288 319 362 362 364 370 370 370 370 1051 1291 1533 1546 1576 1626 1626 1626 1626 2788 4825 6443 6705 6984 7305 7320 7322 7325 2788 12935 24351 28059 30403 32280 32577 32676 32719 2788 12935 64162 105371 127226 140312 143957 145426 146095 2788 12935 64162 277388 479413 586558 626669 643639 651361
4849 949208016 5 5 5 5 5 5 5 5 5 26 26 26 26 26 26 26 26 26 134 138 138 138 138 138 138 138 138 598 640 641 655 655 655 655 655 655 2219 2645 2802 2915 2938 2948 2948 2948 2948 5857 9999 11905 12855 13182 13321 13397 13402 13406 5857 26723 45269 53937 57605 59097 59877 60150 60260 5857 26723 119356 202349 240118 256671 264084 267164 268492 5857 26723 119356 532046 902433 1069203 1144801 1177146 1191590
2761 32618420 2 2 2 2 2 2 2 2 2 3 3 3 3 3 3 3 3 3 8 8 8 8 8 8 8 8 8 22 23 23 23 23 23 23 23 23 90 101 105 113 113 113 113 113 113 221 358 410 480 480 485 485 485 485 221 918 1520 1980 2019 2085 2086 2097 2098 221 918 3949 7388 8325 8965 9074 9201 9258 221 918 3949 19471 31244 37798 39534 40557 41199
6603 465803305 3 3 3 3 3 3 3 3 3 12 13 13 13 13 13 13 13 13 50 67 70 70 70 70 70 70 70 210 321 340 340 340 340 340 340 340 772 1391 1503 1508 1514 1526 1526 1526 1526 1973 5121 6222 6489 6581 6679 6708 6712 6712 1973 13636 23509 27187 28545 29259 29567 29689 29739 1973 13636 61937 101850 118167 126278 129498 130936 131548 1973 13636 61937 268670 443725 527150 562778 578729 585747
1189 1221284132 7 7 7 7 7 7 7 7 7 27 27 27 27 27 27 27 27 27 180 181 181 181 181 181 181 181 181 769 812 832 832 838 838 838 838 844 2840 3339 3626 3713 3776 3788 3789 3789 3831 7436 12648 14993 16087 16695 16894 16956 16988 17207 7436 33359 56425 67247 72607 74716 75580 76045 77107 7436 33359 148473 252802 303591 324531 333534 338093 343718 7436 33359 148473 666222 1144849 1359143 1453699 1497425 1532919
5027 148280700 5 5 5 5 5 5 5 5 5 9 9 9 9 9 9 9 9 9 30 30 30 30 30 30 30 30 30 103 104 110 111 111 111 111 111 111 347 372 403 412 429 429 429 429 429 904 1439 1754 1896 1993 1995 2006 2011 2011 904 3842 6818 8175 9015 9128 9248 9330 9333 904 3842 17920 30550 37751 39515 40684 41428 41561 904 3842 17920 80862 142201 165170 177304 183679 185703
1703 4816571361 36 36 36 36 36 36 36 36 36 152 152 152 152 152 152 152 152 152 703 726 729 732 732 732 732 732 732 2994 3242 3290 3332 3370 3372 3372 3372 3372 11267 13623 14310 14715 15006 15072 15106 15112 15112 29773 51532 60138 64282 66496 67327 67732 67836 67858 29773 136410 227455 270160 290403 298989 302868 304360 304892 29773 136410 599769 1017497 1212916 1298746 1338084 1354978 1361698 29773 136410 599769 2679403 4567025 5425784 5815433 5985365 6057382
5881 346195486 1 1 1 1 1 1 1 1 1 7 7 7 7 7 7 7 7 7 34 34 34 34 34 34 40 40 40 160 164 164 164 165 166 217 217 217 648 713 779 780 792 801 1072 1072 1072 1714 2792 3428 3506 3603 3654 4965 4970 4974 1714 7285 12953 14485 15389 15861 21819 21912 21966 1714 7285 34163 54254 64126 68661 96177 97404 97980 1714 7285 34163 142847 240960 286239 416944 429564 435108
543 1310579220 11 11 11 11 11 11 11 11 11 38 38 38 38 38 38 38 38 38 190 190 190 190 190 190 190 190 190 875 909 926 926 926 926 926 926 926 3397 3860 4085 4150 4163 4166 4181 4181 4181 8906 14420 16869 17852 18161 18323 18456 18470 18488 8906 38041 63389 74662 78994 80948 82064 82373 82679 8906 38041 167673 282465 330847 352441 363001 367035 369539 8906 38041 167673 744803 1246442 1475030 1581044 1624511 1647272
1519 158982009 6 6 6 6 6 6 6 6 6 11 11 11 11 11 11 11 11 11 27 27 27 27 27 27 27 27 27 87 115 116 116 116 116 116 116 116 291 497 528 528 528 528 530 531 531 733 1885 2214 2267 2279 2280 2296 2315 2315 733 5029 8345 9349 9797 9908 10027 10144 10144 733 5029 21906 35052 40659 42747 44061 44736 44850 733 5029 21906 92042 152574 178381 191273 197167 199261
2913 189914812 3 3 3 3 3 3 3 3 3 10 10 10 10 10 10 10 10 10 35 35 35 35 35 35 35 35 35 138 140 140 140 141 141 141 141 141 530 569 599 599 622 622 622 622 622 1353 2049 2391 2485 2639 2655 2657 2657 2658 1353 5475 8987 10380 11605 11849 12006 12030 12066 1353 5475 23637 38483 48059 50999 52752 53193 53533 1353 5475 23637 101239 181496 214254 230710 236471 239684
8313 794227727 7 7 7 7 7 7 7 7 7 36 36 36 36 36 36 36 36 36 135 136 136 136 136 136 136 136 136 568 599 601 601 601 601 601 601 601 1975 2401 2493 2533 2541 2552 2553 2553 2553 5215 9016 10394 10909 11105 11244 11277 11280 11283 5215 23590 38877 45094 48058 49305 49855 49994 50056 5215 23590 102481 170292 201572 214975 220886 222878 223780 5215 23590 102481 448391 760459 900213 962362 986233 997224
7243 77556351 3 3 3 3 3 3 3 3 3 7 7 7 7 7 7 7 7 7 15 15 15 15 15 15 15 15 15 53 53 53 53 53 53 53 53 53 196 213 239 242 242 243 243 243 243 508 751 1029 1082 1085 1107 1107 1107 1107 508 1892 3790 4405 4627 4768 4829 4849 4850 508 1892 9859 16603 19401 20819 21464 21713 21749 508 1892 9859 43940 73137 87177 93650 96254 97226
6733 1784237417 15 15 15 15 15 15 15 15 15 61 61 61 61 61 61 61 61 61 280 280 281 281 281 281 281 281 281 1100 1159 1220 1220 1221 1221 1221 1221 1221 4099 4800 5432 5515 5562 5572 5572 5573 5573 10810 18230 23048 24226 24936 25184 25238 25262 25271 10810 47864 86981 101304 108522 111363 112484 112885 113023 10810 47864 228470 380086 452561 482826 495351 500606 502888 10810 47864 228470 1001448 1705423 2018677 2154084 2212992 2238836
4587 602004052 3 3 3 3 3 3 3 3 3 21 21 21 21 21 21 21 21 21 106 108 108 108 108 108 108 108 108 405 427 436 436 436 436 436 436 436 1503 1772 1885 1900 1930 1933 1934 1934 1934 3909 6755 7906 8206 8448 8500 8518 8524 8533 3909 17951 30070 34770 37143 37863 38218 38335 38419 3909 17951 79210 130729 155131 164005 168043 169856 170700 3909 17951 79210 344942 584040 685212 730613 750589 759450
9649 103378672 3 3 3 3 3 3 3 3 3 5 5 5 5 5 5 5 5 5 19 19 19 19 19 19 19 19 19 76 78 79 79 79 79 79 79 79 289 323 344 350 350 351 351 351 351 732 1158 1357 1490 1514 1540 1540 1543 1543 732 2991 4921 6036 6369 6584 6606 6628 6637 732 2991 12716 22382 26275 28301 28807 29098 29270 732 2991 12716 58800 98343 117951 125026 128316 130075
6439 1021875143 15 15 15 15 15 15 15 15 15 47 47 47 47 47 47 47 47 47 178 178 178 178 178 178 178 178 178 718 724 728 728 736 736 736 736 736 2814 3060 3180 3212 3319 3319 3323 3323 3331 7401 11225 12838 13447 14077 14149 14199 14224 14262 7401 29823 48942 56963 62114 63425 64037 64377 64623 7401 29823 128714 214171 258462 274799 282106 285686 287715 7401 29823 128714 566042 973766 1150967 1228602 1265138 1283928
3569 590087064 7 7 7 7 7 7 7 7 7 23 23 23 23 23 23 23 23 23 108 110 111 111 111 111 111 111 111 420 426 435 435 435 435 435 435 435 1614 1765 1853 1872 1889 1893 1896 1896 1896 4281 6637 7654 8039 8239 8318 8353 8359 8361 4281 17509 28756 33321 35553 36584 36982 37147 37202 4281 17509 76005 125730 149067 159694 163851 165725 166412 4281 17509 76005 331233 562118 668340 712719 733004 741456
3171 143440464 1 1 1 1 1 1 1 1 1 3 3 3 3 3 3 3 3 3 17 17 17 17 17 17 17 17 17 63 65 82 82 82 82 82 82 82 220 284 422 425 429 429 429 429 429 576 1082 1851 1963 2027 2030 2032 2032 2033 576 2802 6851 8228 8925 9051 9136 9150 9163 576 2802 18032 31237 37360 39358 40478 40805 40964 576 2802 18032 81927 139828 162815 174130 178413 180435
9447 406518084 3 3 3 3 3 3 3 3 3 17 17 17 17 17 17 17 17 17 70 70 70 70 70 70 70 70 70 300 305 313 314 314 314 314 314 314 1124 1272 1327 1362 1362 1362 1367 1367 1372 2953 4754 5412 5717 5765 5783 5828 5837 5872 2953 12413 20241 23628 24623 25078 25470 25621 25805 2953 12413 53403 88211 102314 108475 112055 113428 114644 2953 12413 53403 231915 386431 454865 488309 501829 510600
4693 2577528063 12 12 12 12 12 12 12 12 12 66 66 66 66 66 66 66 66 66 367 368 368 375 375 375 375 375 375 1582 1630 1651 1735 1737 1737 1737 1737 1737 6044 6957 7373 7907 7948 7969 7987 7987 7987 15921 26102 30787 34638 35461 35788 36004 36056 36061 15921 69235 116889 146742 155924 159960 162053 162840 163090 15921 69235 306997 553024 651165 694445 715317 723988 727379 15921 69235 306997 1457788 2457041 2904554 3111661 3201702 3239276
8479 347437211 5 5 5 5 5 5 5 5 5 11 11 11 11 11 11 11 11 11 57 57 61 61 61 61 61 61 61 177 196 211 215 215 215 215 215 215 726 889 1011 1076 1079 1079 1079 1079 1079 1957 3440 4277 4698 4844 4868 4869 4894 4894 1957 9132 16234 19922 21265 21653 21773 21970 22028 1957 9132 42696 74863 88550 93873 96144 97674 98179 1957 9132 42696 196542 332261 391033 417124 430938 436185
4947 35231308 2 2 2 2 2 2 2 2 2 4 4 4 4 4 4 4 4 4 10 10 10 10 10 10 10 10 10 24 24 24 24 24 24 24 24 24 93 118 123 123 123 123 123 123 123 227 436 508 509 509 517 517 517 517 227 1141 1975 2099 2184 2235 2245 2249 2254 227 1141 5276 7699 9020 9588 9772 9847 9912 227 1141 5276 20238 33982 39900 42276 43316 43982
1627 13179449221 81 89 89 89 89 89 89 89 89 391 438 438 438 438 438 438 438 438 1705 1986 2036 2038 2039 2040 2040 2040 2040 7325 8762 9124 9173 9226 9249 9262 9263 9263 27628 36610 39758 40697 41158 41401 41495 41575 41597 72613 137896 166006 177052 182082 184366 185339 186019 186207 72613 364424 626924 742225 793335 815754 825846 831487 833368 72613 364424 1652447 2795456 3317912 3546835 3649041 3699729 3719136 72613 364424 1652447 7369666 12497921 14822902 15862371 16348430 16552449
8609 916975019 4 4 4 4 4 4 4 4 4 39 39 39 39 39 39 39 39 39 157 162 162 162 162 162 162 162 162 630 659 668 669 669 669 669 669 669 2327 2629 2749 2803 2846 2859 2861 2864 2868 6188 9950 11581 12355 12745 12865 12896 12941 12963 6188 26291 43451 51386 55395 56734 57148 57529 57703 6188 26291 114269 194043 232535 247688 253722 257300 258891 6188 26291 114269 511298 876138 1034955 1103783 1137194 1152539
2903 419878678 4 4 4 4 4 4 4 4 4 21 21 21 21 21 21 21 21 21 82 82 82 82 82 82 82 82 82 286 295 297 297 308 308 308 308 308 966 1160 1244 1263 1385 1386 1386 1386 1386 2467 4343 5234 5476 6084 6125 6131 6145 6145 2467 11305 19486 22358 25804 26341 26581 26763 26780 2467 11305 51461 84251 107927 114362 117364 119024 119458 2467 11305 51461 221631 405686 476044 507704 523198 528859
9437 282009319 3 3 3 3 3 3 3 3 3 11 11 11 11 11 11 11 11 11 47 47 47 47 47 47 47 47 47 185 191 194 194 194 194 194 194 194 675 755 817 832 834 834 837 837 837 1835 2936 3620 3840 3911 3928 3974 3975 3975 1835 7943 13942 16263 17125 17486 17842 17912 17941 1835 7943 37081 61452 71397 75421 78492 79345 79686 1835 7943 37081 162573 269498 315656 341099 350394 354330
557 1802862283 14 14 14 14 14 14 14 14 14 69 69 69 69 69 69 69 69 69 295 296 304 304 305 305 305 305 305 1207 1259 1311 1311 1337 1337 1337 1337 1337 4320 4975 5435 5518 5650 5657 5658 5659 5666 11438 18869 22850 24042 25096 25269 25328 25380 25429 11438 49806 85767 100078 108781 111338 112293 112905 113333 11438 49806 226419 377904 457119 486996 498987 505817 509259 11438 49806 226419 995725 1720493 2033522 2167354 2234573 2265302
8629 385691865 4 4 4 4 4 4 4 4 4 12 12 12 12 12 12 12 12 12 73 73 73 73 73 73 73 73 73 281 283 284 284 284 284 284 284 284 1060 1166 1209 1260 1262 1262 1262 1262 1262 2777 4326 4989 5433 5479 5502 5503 5503 5508 2777 11218 18408 22327 23312 23813 24035 24083 24113 2777 11218 48650 84570 98009 104198 106926 107916 108412 2777 11218 48650 223235 370199 436544 466396 478069 483573
1359 523987884 7 7 7 7 7 7 7 7 7 26 26 26 26 26 26 26 26 26 93 93 93 93 93 93 93 93 93 412 422 423 423 423 423 423 423 423 1385 1593 1622 1643 1644 1644 1644 1644 1644 3676 6075 6803 7161 7272 7313 7343 7343 7349 3676 16095 25853 30086 31700 32346 32818 32917 32964 3676 16095 67954 112926 132354 140400 144926 146521 147010 3676 16095 67954 297824 499927 588916 632610 650380 657297
1551 128183901 3 3 3 3 3 3 3 3 3 8 8 8 8 8 8 8 8 8 19 19 19 19 19 19 19 19 19 98 99 99 99 100 100 100 100 100 338 403 421 424 439 439 439 439 439 887 1438 1661 1725 1840 1845 1853 1855 1855 887 3727 6044 6850 7612 7733 7866 7896 7898 887 3727 15905 26030 32548 34432 35554 35925 35985 887 3727 15905 68637 123091 144304 155369 159563 160755
9099 830675175 8 8 8 8 8 8 8 8 8 25 25 25 25 25 25 25 25 25 116 117 117 117 117 117 117 117 117 527 580 580 587 587 590 590 590 590 1926 2393 2458 2526 2549 2573 2573 2576 2576 5099 9256 10481 11187 11453 11641 11669 11685 11688 5099 24202 39324 46591 49501 51203 51779 52003 52096 5099 24202 103857 175943 207497 223122 229470 232195 233249 5099 24202 103857 465008 783976 935400 1000321 1028775 1040457
2863 380392614 5 5 5 5 5 5 5 5 5 13 13 13 13 13 13 13 13 13 55 55 55 55 55 55 55 55 55 253 255 255 264 264 281 281 281 281 891 985 1026 1092 1095 1187 1191 1191 1192 2315 3683 4237 4767 4842 5293 5343 5344 5359 2315 9700 16154 20009 21290 23721 24055 24106 24225 2315 9700 42393 75876 89308 103326 106561 107569 108403 2315 9700 42393 199584 335266 429259 460430 472673 479690
5069 201911981 2 2 2 2 2 2 2 2 2 8 8 8 8 8 8 8 8 8 31 31 31 31 31 31 31 31 31 129 134 134 134 143 143 143 143 143 490 562 580 597 652 654 654 654 654 1307 2098 2373 2563 2900 2926 2927 2927 2930 1307 5498 8816 10599 12485 12771 12824 12841 12862 1307 5498 22951 39627 51711 55046 56129 56606 56919 1307 5498 22951 104648 194645 229337 243322 249651 252889
6869 76700044 2 2 2 2 2 2 2 2 2 5 5 5 5 5 5 5 5 5 10 10 10 10 10 10 10 10 10 56 62 62 62 62 62 62 62 62 192 239 242 252 252 252 252 252 252 558 929 1006 1103 1108 1137 1141 1148 1151 558 2434 3650 4446 4659 4829 4882 4926 4949 558 2434 9637 16795 19377 20777 21276 21642 21777 558 2434 9637 44233 72633 86601 91908 94953 96222
9401 1242036863 8 8 8 8 8 8 8 8 8 37 37 37 37 37 37 37 37 37 186 191 191 191 191 191 191 191 191 810 863 871 871 872 872 872 872 872 3272 3743 3939 3953 3967 3991 3992 3992 3992 8562 13993 16392 17055 17353 17622 17671 17684 17686 8562 36712 61240 70848 75229 77710 78466 78730 78856 8562 36712 161078 265823 313638 336990 345786 349268 350976 8562 36712 161078 699045 1179308 1407223 1501109 1541501 1560627
5451 5185723877 45 45 45 45 45 45 45 45 45 180 180 180 180 180 180 180 180 180 778 785 787 787 787 787 787 787 787 3308 3487 3553 3578 3595 3602 3602 3605 3605 12426 14503 15438 15868 16127 16175 16186 16228 16228 32744 54892 65067 69670 72140 72805 73158 73520 73563 32744 143656 243108 289392 312402 320195 324273 327120 327652 32744 143656 639309 1089373 1305837 1392702 1433287 1456157 1463001 32744 143656 639309 2866453 4912508 5817001 6228304 6433801 6510027
7933 949536260 5 5 5 5 5 5 5 5 5 27 27 27 27 27 27 27 27 27 140 141 141 141 141 141 141 141 141 563 602 613 615 615 616 643 643 643 2176 2538 2699 2763 2770 2809 2917 2925 2925 5613 9569 11621 12365 12594 12847 13398 13454 13454 5613 25270 43665 51601 54583 56519 59474 59849 59890 5613 25270 114544 193989 228414 245846 262798 266394 267291 5613 25270 114544 510842 861661 1029275 1144647 1179326 1192018
1883 808292926 11 11 11 11 11 11 11 11 11 34 34 34 34 34 34 34 34 34 133 133 133 133 133 133 133 133 133 543 554 560 567 568 568 568 568 568 2058 2331 2430 2524 2560 2568 2568 2568 2568 5358 8657 9996 10842 11251 11395 11426 11430 11436 5358 22712 37436 45293 48911 50351 50841 50999 51114 5358 22712 98521 170981 204831 219563 225225 227438 228691 5358 22712 98521 450238 771262 917490 979000 1004296 1016510
9111 85099957 1 1 1 1 1 1 1 1 1 4 4 4 4 4 4 4 4 4 12 12 12 12 12 12 12 12 12 64 69 69 69 69 69 69 69 69 208 269 278 279 279 279 279 279 279 537 992 1116 1170 1202 1206 1208 1208 1208 537 2629 4210 4926 5277 5392 5425 5434 5449 537 2629 10957 18313 21634 23049 23665 23879 24025 537 2629 10957 48132 81280 96059 102703 105408 106787
7853 244546597 2 2 2 2 2 2 2 2 2 9 9 9 9 9 9 9 9 9 36 36 36 36 36 36 36 36 36 169 169 170 170 170 171 171 171 171 638 696 711 711 721 775 775 776 776 1633 2629 2986 3077 3154 3447 3467 3478 3478 1633 6825 11258 12785 13722 15361 15563 15656 15669 1633 6825 29646 47961 57292 66552 68370 69359 69573 1633 6825 29646 126397 215004 277452 296311 305349 308461
4327 769830019 10 10 10 10 10 10 10 10 10 41 41 41 41 41 41 41 41 41 145 145 145 145 145 145 145 145 145 527 549 553 553 564 564 564 564 564 1855 2195 2345 2392 2514 2516 2516 2516 2516 4784 8298 9898 10399 11066 11139 11150 11165 11165 4784 21576 36842 42773 47220 48275 48643 48882 48914 4784 21576 97398 161168 197501 209773 214918 217442 218279 4784 21576 97398 424344 742701 874895 931922 958114 968469
4311 144717444 1 1 1 1 1 1 1 1 1 5 5 5 5 5 5 5 5 5 28 28 28 28 28 28 28 28 28 90 92 92 92 92 92 96 96 96 341 402 440 457 458 458 483 483 483 869 1523 1841 2000 2027 2035 2158 2161 2161 869 4003 6789 8066 8454 8600 9162 9200 9212 869 4003 17887 30517 35296 37335 40377 40884 41067 869 4003 17887 80535 132768 155404 174882 180004 182019
2207 734270359 5 5 5 5 5 5 5 5 5 26 28 28 28 28 28 28 28 28 84 108 110 110 110 110 110 110 110 344 476 495 496 498 500 500 500 500 1269 1997 2203 2244 2287 2329 2329 2329 2329 3187 7279 9086 9637 9918 10157 10163 10174 10179 3187 19219 34209 40556 43689 45452 45740 45865 45970 3187 19219 90321 153824 184083 199215 203717 205677 206820 3187 19219 90321 405692 694111 834041 886708 910001 921720
1267 1034448813 6 6 6 6 6 6 6 6 6 40 40 40 40 40 40 40 40 40 164 168 175 175 175 175 175 175 175 624 652 692 698 703 706 706 706 706 2417 2746 3017 3096 3141 3168 3168 3168 3171 6393 10326 12708 13574 14019 14270 14363 14375 14411 6393 27230 47996 57058 61425 63466 64393 64668 64930 6393 27230 125991 214599 257297 276385 285020 288099 290117 6393 27230 125991 565794 969979 1155979 1241107 1275795 1293523
7531 266288553 3 3 3 3 3 3 3 3 3 9 9 9 9 9 9 9 9 9 39 39 39 39 39 39 39 39 39 177 177 193 193 193 193 193 193 193 675 716 797 806 807 809 809 809 809 1808 2708 3368 3599 3683 3698 3706 3708 3708 1808 7116 12715 15287 16269 16580 16739 16788 16791 1808 7116 33512 57717 67927 72060 73980 74723 74972 1808 7116 33512 151756 255100 301281 321802 330455 334111
4811 2859556925 15 15 15 15 15 15 15 15 15 100 100 100 104 104 104 104 104 104 444 449 451 481 481 481 481 481 481 1794 1910 1929 2077 2079 2080 2080 2080 2080 6698 7913 8174 9110 9154 9234 9242 9249 9249 17552 29647 33748 38931 39679 40346 40510 40606 40611 17552 77855 125787 161807 171466 177488 179536 180649 180871 17552 77855 331890 610062 716562 771707 792797 804036 807545 17552 77855 331890 1606813 2696239 3221537 3442818 3551259 3592767
8149 145833722 3 3 3 3 3 3 3 3 3 9 9 9 9 9 9 9 9 9 24 24 24 24 24 24 24 24 24 93 93 93 93 93 93 93 93 93 369 406 425 426 438 438 438 438 438 942 1567 1839 1914 1984 2001 2004 2007 2007 942 4047 6939 8060 8719 8947 9031 9126 9129 942 4047 18313 30491 36927 39226 40378 41142 41257 942 4047 18313 80527 139439 164254 175746 181965 183708
4297 50637345 2 2 2 2 2 2 2 2 2 4 4 4 4 4 4 4 4 4 17 17 17 17 17 17 17 17 17 46 46 46 46 46 46 46 46 46 159 184 190 190 190 190 190 190 190 371 645 728 742 746 748 755 755 755 371 1688 2699 3061 3216 3283 3315 3317 3323 371 1688 7150 11449 13348 14184 14464 14559 14619 371 1688 7150 30046 49650 58364 61655 62992 63634
6009 186136421 3 3 3 3 3 3 3 3 3 8 8 8 8 8 8 8 8 8 32 32 32 32 32 32 32 32 32 156 156 156 156 156 156 156 156 156 547 580 598 608 609 609 611 611 611 1389 2100 2428 2554 2596 2610 2637 2642 2642 1389 5490 9215 10767 11371 11605 11815 11878 11880 1389 5490 24147 40737 47778 50599 52283 52928 53038 1389 5490 24147 107392 179806 210656 226495 232975 235126
1309 655168718 3 3 3 3 3 3 3 3 3 30 30 30 30 30 30 30 30 30 121 121 121 121 121 121 121 121 121 466 474 474 480 485 485 485 485 485 1650 1867 1939 2025 2072 2076 2076 2076 2076 4291 7032 8104 8951 9337 9400 9452 9463 9464 4291 18414 29970 36884 39886 40773 41405 41579 41632 4291 18414 78669 138496 166138 176509 182264 184242 185050 4291 18414 78669 364512 624727 737224 791187 813123 822244
4987 1672809445 9 9 9 9 9 9 9 9 9 39 39 39 39 39 39 39 39 39 235 236 238 239 239 239 239 239 239 1031 1069 1100 1132 1135 1136 1136 1136 1136 3907 4547 4881 5099 5125 5147 5154 5156 5156 10417 17314 20635 22535 22996 23316 23423 23438 23444 10417 45644 78086 94664 100585 103635 104719 105076 105266 10417 45644 205788 356386 419934 450134 462705 467598 470087 10417 45644 205788 939272 1580473 1882400 2013050 2068889 2094844
2857 959819790 3 3 3 3 3 3 3 3 3 29 34 34 34 34 34 34 34 34 128 153 153 153 155 155 155 155 155 484 617 624 625 651 651 652 652 652 1706 2491 2660 2715 2846 2853 2859 2859 2865 4442 9375 11400 12143 12955 13135 13214 13228 13281 4442 24895 43805 51929 57436 59244 60046 60312 60646 4442 24895 115590 196032 240154 257450 265176 268248 270662 4442 24895 115590 516889 902959 1074080 1151171 1183525 1203137
5933 4422166753 28 28 28 28 28 28 28 28 28 152 152 152 152 152 152 152 152 152 665 672 672 681 681 686 686 686 686 2878 3014 3053 3129 3139 3170 3170 3170 3170 10688 12335 13033 13731 13851 14052 14069 14082 14082 28048 46422 54528 59470 60825 62151 62445 62570 62586 28048 122399 205596 248837 264339 274527 278116 279671 280132 28048 122399 540729 936556 1104041 1192213 1228092 1244018 1249591 28048 122399 540729 2465120 4155822 4982119 5338576 5494453 5557823
4953 1131877447 6 6 6 6 6 6 6 6 6 34 34 34 34 34 34 34 34 34 170 179 179 179 179 179 179 179 179 707 758 768 770 773 773 773 773 773 2596 3120 3305 3387 3435 3450 3453 3454 3454 7070 11959 14006 14809 15335 15550 15654 15678 15679 7070 31698 53398 62162 67364 69512 70459 70773 70846 7070 31698 140662 234278 282776 304022 313251 316746 317918 7070 31698 140662 618355 1066024 1272440 1365656 1404659 1419691
2023 910178506 5 5 5 5 5 5 5 5 5 39 39 39 39 39 39 39 39 39 160 160 160 160 160 160 160 160 160 608 624 641 641 641 641 641 641 641 2211 2584 2770 2807 2823 2828 2828 2828 2832 5844 9759 11470 12156 12461 12617 12644 12667 12691 5844 25678 43055 50979 54255 55971 56343 56620 56805 5844 25678 114222 192917 227907 244737 250410 253406 255159 5844 25678 114222 508102 859552 1025396 1091891 1123626 1139462
1091 387097339 2 2 2 2 2 2 2 2 2 13 13 13 13 13 13 13 13 13 56 56 56 56 56 56 56 56 56 250 274 276 283 283 283 283 283 283 863 1080 1126 1190 1194 1197 1197 1197 1197 2253 3961 4600 5158 5281 5364 5387 5387 5387 2253 10428 17587 21820 23280 23944 24259 24383 24401 2253 10428 46557 82151 97615 104496 107836 109084 109517 2253 10428 46557 216176 367119 436852 469363 482395 488050
2841 98754181 2 2 2 2 2 2 2 2 2 4 4 4 4 4 4 4 4 4 22 22 22 22 22 22 22 22 22 72 73 73 73 73 73 73 73 73 253 280 288 292 293 293 293 293 293 652 1032 1201 1319 1363 1399 1403 1403 1403 652 2661 4519 5460 5821 6135 6186 6188 6200 652 2661 11907 20474 24290 26722 27443 27578 27735 652 2661 11907 53927 91595 111926 119816 122583 124090
7457 121586137 1 1 1 1 1 1 1 1 1 7 7 7 7 7 7 7 7 7 24 24 24 24 24 24 24 24 24 87 89 89 89 89 89 89 89 89 338 369 384 384 391 391 391 391 391 855 1355 1555 1626 1712 1722 1723 1723 1724 855 3654 5818 6737 7423 7552 7629 7647 7683 855 3654 15371 25124 30960 32701 33715 33992 34276 855 3654 15371 65960 116648 137244 147381 151060 153556
981 650549214 6 6 6 6 6 6 6 6 6 27 27 27 27 27 27 27 27 27 89 89 89 90 90 90 90 90 90 388 397 398 424 424 424 424 424 424 1519 1805 1917 2053 2056 2056 2056 2056 2056 4053 6988 8187 9124 9275 9322 9331 9336 9359 4053 18000 30103 37562 39617 40335 40641 40771 40945 4053 18000 79203 141109 165355 175370 179826 181534 182926 4053 18000 79203 370785 621928 733460 783023 803888 815796
2067 578187189 3 3 3 3 3 3 3 3 3 18 18 18 18 18 18 18 18 18 84 86 86 86 86 86 86 86 86 373 415 417 418 418 419 419 419 419 1344 1702 1776 1801 1817 1835 1835 1835 1835 3664 6596 7676 7984 8208 8340 8356 8364 8372 3664 17349 28481 32605 35076 36244 36492 36684 36796 3664 17349 75119 122529 146183 157284 160723 162641 163708 3664 17349 75119 322517 550249 656302 697611 717677 727936
5541 224122711 1 1 1 1 1 1 1 1 1 4 4 4 4 4 4 4 4 4 30 30 30 30 30 30 30 30 30 124 137 137 137 137 137 137 137 137 507 593 630 667 668 677 680 680 683 1290 2124 2594 2851 2902 2995 3013 3013 3044 1290 5545 10039 12252 12902 13636 13830 13889 14050 1290 5545 26617 46602 53986 59278 61014 61835 62876 1290 5545 26617 123438 203590 247700 265711 274180 280785
7167 85436020 1 1 1 1 1 1 1 1 1 7 7 7 7 7 7 7 7 7 18 18 18 18 18 18 18 18 18 60 61 61 61 61 61 61 61 61 221 255 260 261 261 261 261 261 261 596 1023 1133 1166 1175 1185 1187 1187 1187 596 2707 4267 4914 5221 5340 5398 5411 5411 596 2707 11152 18445 21871 23228 23786 24048 24116 596 2707 11152 48776 83071 97594 103731 106445 107604
4537 620570865 5 5 5 5 5 5 5 5 5 22 22 22 22 22 22 22 22 22 109 109 109 109 109 109 109 109 109 430 438 442 442 447 447 447 447 447 1576 1829 1912 1922 1968 1969 1969 1969 1969 4060 6949 7938 8298 8649 8712 8726 8734 8739 4060 18214 29287 34389 37328 38197 38521 38760 38827 4060 18214 77045 129238 156246 166640 170765 173263 174173 4060 18214 77045 340789 588361 697302 743370 767421 777047
1587 7408546687 50 50 50 50 50 50 50 50 50 252 252 252 252 252 252 252 252 252 1119 1146 1149 1152 1154 1154 1154 1154 1154 4722 5083 5150 5193 5243 5246 5246 5246 5246 17788 21270 22319 22788 23184 23292 23329 23336 23336 47218 80500 93580 99216 102550 103930 104437 104572 104603 47218 212631 353408 415248 446293 460290 465763 467903 468640 47218 212631 932206 1563235 1864234 2000291 2057991 2082933 2092623 47218 212631 932206 4118774 7023282 8364265 8952008 9209538 9317508
3473 4552923925 25 25 25 25 25 25 25 25 25 148 148 148 148 148 148 148 148 148 679 687 689 691 693 693 693 693 693 2787 2917 2988 3025 3077 3079 3079 3079 3079 10603 12333 13229 13717 14114 14176 14194 14196 14199 27871 46702 55299 59872 62592 63338 63640 63715 63746 27871 122845 208339 250422 272783 280658 284209 285574 285981 27871 122845 549287 944448 1143963 1225642 1262549 1277631 1283257 27871 122845 549287 2488871 4312143 5124001 5493199 5650059 5714365
9253 681565788 6 6 6 6 6 6 6 6 6 32 32 32 32 32 32 32 32 32 122 122 122 122 122 122 122 122 122 449 457 469 469 469 469 469 469 469 1652 1900 2014 2115 2118 2122 2146 2146 2146 4319 7066 8341 9212 9358 9420 9553 9558 9560 4319 18389 31524 38576 40806 41742 42646 42831 42876 4319 18389 83412 145874 171547 182276 189557 191791 192536 4319 18389 83412 384100 644356 759523 822944 846402 855654
8101 415424724 2 2 2 2 2 2 2 2 2 7 7 7 7 7 7 7 7 7 49 49 50 50 50 50 50 50 50 236 241 255 255 255 255 256 256 256 976 1144 1257 1286 1296 1300 1316 1316 1316 2541 4443 5248 5595 5674 5713 5831 5832 5833 2541 11899 19659 23574 24699 25355 26052 26123 26183 2541 11899 51991 89308 103374 110642 115525 116686 117353 2541 11899 51991 234673 387637 461213 500975 514061 520750
113 7511069858 64 64 64 64 64 64 64 64 64 257 257 257 257 257 257 257 257 257 1118 1157 1159 1165 1165 1165 1165 1165 1165 4758 5071 5152 5238 5255 5255 5255 5260 5260 18125 21428 22582 23290 23568 23612 23632 23658 23659 48238 81206 94823 101476 104278 105092 105528 105827 105895 48238 214212 357582 425052 454346 465053 470132 472990 474035 48238 214212 941571 1599776 1898656 2021621 2077486 2105642 2116852 48238 214212 941571 4215829 7151183 8448729 9034560 9309916 9425591
9653 572356712 2 2 2 2 2 2 2 2 2 15 15 15 18 18 18 18 18 18 72 72 76 100 100 100 100 100 100 254 256 289 388 388 389 389 389 389 1069 1187 1354 1802 1807 1815 1815 1821 1821 2863 4510 5641 7805 7900 8007 8013 8074 8089 2863 12037 21262 32591 34216 35214 35451 35916 36052 2863 12037 56033 123146 143708 153421 156981 160326 161530 2863 12037 56033 325540 541732 641504 682486 708786 718992
759 3562707904 25 25 25 25 25 25 25 25 25 124 124 124 124 124 124 124 124 124 534 540 540 549 549 549 549 549 549 2339 2449 2486 2560 2570 2570 2570 2570 2570 8652 10006 10609 11240 11338 11367 11384 11397 11397 22680 37324 43998 48265 49378 49857 50116 50239 50249 22680 98353 165884 202097 214931 220405 223489 224905 225258 22680 98353 436610 761837 899188 958298 988459 1002185 1006373 22680 98353 436610 2005020 3383760 4005368 4297646 4427628 4476890
8623 1170407239 8 8 8 8 8 8 8 8 8 37 39 39 39 39 39 39 39 39 144 168 171 171 171 171 171 171 171 588 721 763 764 766 768 768 768 768 2262 3117 3562 3617 3668 3710 3710 3710 3710 5783 11439 14769 15590 15983 16254 16270 16282 16287 5783 30290 55875 65651 70313 72657 73171 73381 73504 5783 30290 147410 248613 295733 317731 325228 328512 330097 5783 30290 147410 654997 1112818 1327297 1412778 1450679 1468606
7103 1124300351 9 9 9 9 9 9 9 9 9 37 37 37 37 37 37 37 37 37 188 188 188 188 188 188 188 188 188 790 822 828 828 828 828 828 828 828 2917 3313 3472 3515 3524 3537 3538 3538 3542 7693 12449 14577 15337 15652 15864 15900 15936 15964 7693 32901 55060 64291 68079 70322 70962 71361 71674 7693 32901 145048 241027 282462 303369 311213 314984 317320 7693 32901 145048 635055 1061315 1265840 1351729 1390417 1410440
8879 1212292856 10 10 10 10 10 10 10 10 10 41 41 41 41 41 41 41 41 41 209 209 209 209 209 209 209 209 209 865 902 908 908 908 908 908 908 908 3208 3653 3813 3856 3865 3878 3879 3881 3885 8458 13657 15868 16667 16991 17205 17243 17297 17325 8458 35958 59636 69554 73581 75886 76581 77056 77370 8458 35958 157049 260704 305010 327111 335557 339826 342250 8458 35958 157049 686399 1145174 1364064 1456440 1499307 1520681
7517 247442525 2 2 2 2 2 2 2 2 2 6 6 6 6 6 6 6 6 6 34 34 34 34 34 34 34 34 34 160 162 164 166 167 167 167 167 167 585 656 714 740 767 767 769 769 769 1496 2401 2971 3279 3448 3456 3477 3483 3483 1496 6384 11208 13855 15184 15474 15678 15756 15765 1496 6384 29584 52398 63495 67239 69130 69942 70180 1496 6384 29584 138266 239134 280783 300491 308867 312042
5379 1284900092 5 5 5 5 5 5 5 5 5 42 42 42 42 42 42 42 42 42 201 201 201 201 201 201 201 201 201 901 914 916 917 917 924 924 925 925 3437 3822 3950 4005 4028 4077 4081 4085 4085 9072 14362 16585 17406 17700 17992 18078 18108 18113 9072 37974 62810 72991 77224 79736 80809 81270 81348 9072 37974 164935 273281 321887 345868 355975 360636 362138 9072 37974 164935 720403 1212409 1446490 1548892 1595097 1613058
3059 265115167 3 3 3 3 3 3 3 3 3 8 8 8 8 8 8 8 8 8 34 36 36 36 36 36 36 36 36 167 185 192 192 192 192 192 192 192 671 772 812 818 818 818 824 824 824 1826 3078 3534 3669 3715 3746 3784 3798 3798 1826 8120 13283 15292 15991 16378 16665 16780 16795 1826 8120 35022 57751 66579 70810 73255 74315 74615 1826 8120 35022 152423 251614 297264 319487 329598 333517
2257 362588925 2 2 2 2 2 2 2 2 2 16 16 16 16 16 16 16 16 16 65 65 65 65 65 65 65 65 65 247 247 247 247 251 251 251 251 251 927 1043 1059 1067 1140 1147 1147 1147 1147 2449 3963 4399 4596 4991 5071 5081 5087 5093 2449 10390 16508 19119 21732 22375 22569 22695 22746 2449 10390 43429 72055 90942 97425 99969 101219 101870 2449 10390 43429 190315 344121 408719 436175 448641 455115
5389 589970196 5 5 5 5 5 5 5 5 5 20 20 20 20 20 20 20 20 20 100 100 100 100 100 100 100 100 100 443 459 462 464 464 464 468 468 468 1561 1808 1877 1920 1931 1931 1956 1956 1956 3959 6744 7689 8220 8415 8440 8581 8589 8592 3959 17623 28743 33855 35883 36448 37258 37410 37463 3959 17623 75882 127211 149017 157920 164139 165913 166677 3959 17623 75882 336102 562318 661638 715033 734123 742339
9849 4995514137 32 32 32 32 32 32 32 32 32 158 158 158 158 158 158 158 158 158 787 789 795 795 795 795 795 795 795 3346 3494 3551 3566 3574 3579 3579 3579 3579 12330 14427 15259 15649 15793 15854 15875 15881 15881 32400 54353 63276 67498 69290 70131 70468 70590 70610 32400 142867 237171 281660 300888 309789 313725 315378 315854 32400 142867 625258 1063524 1260399 1350062 1389743 1407445 1414059 32400 142867 625258 2800873 4735863 5628197 6027340 6205163 6279116
2497 70351046 2 2 2 2 2 2 2 2 2 6 6 6 6 6 6 6 6 6 14 14 14 14 14 14 14 14 14 55 55 55 55 55 55 55 55 55 222 227 233 233 233 233 233 233 233 604 855 970 1030 1034 1035 1035 1035 1035 604 2257 3735 4425 4616 4640 4661 4662 4662 604 2257 9836 16592 19110 19849 20221 20349 20409 604 2257 9836 43279 70703 81276 85937 88039 88899
7477 127157464 2 2 2 2 2 2 2 2 2 5 5 5 5 5 5 5 5 5 18 18 18 18 18 18 18 18 18 82 89 89 89 89 89 89 89 89 315 358 362 379 380 386 386 386 386 810 1364 1566 1738 1786 1827 1829 1830 1830 810 3502 5807 7251 7847 8152 8182 8217 8222 810 3502 15010 26625 32162 34728 35411 35782 35903 810 3502 15010 69914 120829 144825 153837 158037 159758
437 2996092169 21 21 21 21 21 21 21 21 21 91 92 92 92 92 92 92 92 92 442 451 451 451 451 451 451 451 451 1939 2058 2095 2102 2105 2106 2106 2106 2106 7399 8606 9122 9297 9343 9378 9387 9390 9390 19508 32733 38183 40605 41519 41934 42064 42183 42211 19508 86220 143857 170554 181298 186154 187831 188896 189220 19508 86220 379645 642398 756955 808691 830010 841119 845025 19508 86220 379645 1693329 2853736 3385461 3614917 3723724 3766646
1623 1527937414 9 9 9 9 9 9 9 9 9 44 44 44 44 44 44 44 44 44 212 219 219 220 220 228 228 228 228 840 942 950 962 967 1024 1024 1024 1024 3262 4127 4311 4494 4558 4800 4800 4807 4807 8664 15341 17783 19309 19987 21342 21398 21529 21536 8664 40526 67153 80884 87055 94639 95607 96493 96646 8664 40526 176352 303080 362971 410122 421241 428550 430556 8664 40526 176352 798678 1368019 1715166 1832033 1895129 1917640
2311 256955276 2 2 2 2 2 2 2 2 2 11 11 11 11 11 11 11 11 11 38 39 39 39 39 39 39 39 39 134 165 165 166 166 166 166 166 166 527 789 801 828 830 834 834 834 834 1345 2853 3168 3460 3510 3565 3575 3579 3579 1345 7537 11828 14447 15313 15845 15947 16033 16073 1345 7537 31210 54320 63899 69137 70715 71580 72047 1345 7537 31210 143297 241101 289967 308483 317477 322036
4877 1510465883 6 6 6 6 6 6 6 6 6 34 34 34 34 34 34 34 34 34 205 205 205 205 205 205 205 205 205 950 984 1010 1027 1027 1028 1028 1028 1028 3780 4252 4574 4725 4759 4786 4793 4810 4810 10035 15815 18965 20376 20942 21272 21347 21446 21448 10035 41507 70683 83930 89889 93032 94139 94923 95020 10035 41507 186840 315790 375202 404154 415995 422660 424395 10035 41507 186840 830170 1412001 1690907 1811622 1871711 1892773
2963 48859132 3 3 3 3 3 3 3 3 3 5 5 5 5 5 5 5 5 5 14 14 14 14 14 14 14 14 14 49 49 49 49 49 49 49 49 49 151 157 159 164 166 166 166 166 166 366 545 628 669 689 697 697 697 697 366 1460 2364 2791 2963 3034 3064 3072 3072 366 1460 6290 10674 12424 13252 13629 13787 13845 366 1460 6290 28073 46542 55222 59209 60910 61621
8551 138043611 1 1 1 1 1 1 1 1 1 6 6 6 6 6 6 6 6 6 25 25 25 25 25 25 25 25 25 110 113 114 114 114 114 114 114 114 399 428 442 444 447 447 447 452 452 1056 1592 1808 1855 1904 1925 1925 1945 1945 1056 4179 6645 7540 8176 8399 8433 8561 8573 1056 4179 17320 28485 34472 36751 37551 38346 38597 1056 4179 17320 74728 129550 153450 163366 169727 172240
2691 502389123 2 2 2 2 2 2 2 2 2 10 10 10 10 10 10 10 10 10 70 70 70 70 70 70 70 70 70 316 338 356 358 358 358 358 358 358 1204 1397 1565 1593 1607 1607 1607 1611 1611 3202 5205 6492 6857 7068 7101 7120 7168 7169 3202 13625 24312 28462 30455 31156 31408 31712 31745 3202 13625 64076 107461 127241 135625 138858 141242 141827 3202 13625 64076 282947 478223 565241 601902 622477 629589
1399 6645574851 58 58 58 58 58 58 58 58 58 257 257 257 257 257 257 257 257 257 995 1004 1011 1012 1012 1012 1012 1012 1012 4338 4562 4667 4725 4757 4767 4768 4768 4768 16240 18915 20111 20652 20956 21050 21092 21092 21109 43155 71625 84506 89893 92635 93683 94092 94259 94428 43155 188392 317816 374487 401415 412819 417517 419680 421020 43155 188392 837346 1409335 1676369 1792550 1842636 1864853 1877013 43155 188392 837346 3712710 6311414 7489509 8005439 8237126 8349775
6471 77406950 1 1 1 1 1 1 1 1 1 4 4 4 4 4 4 4 4 4 18 18 18 18 18 18 18 18 18 62 67 67 67 67 67 67 67 67 205 262 263 265 265 265 265 265 265 542 991 1107 1136 1140 1141 1143 1147 1147 542 2685 4193 4697 4878 4922 4953 4994 5000 542 2685 10911 17493 20030 21010 21414 21754 21869 542 2685 10911 46154 75130 87465 92666 95904 97093
5537 679988717 5 5 5 5 5 5 5 5 5 23 23 23 23 23 23 23 23 23 111 111 111 113 113 113 113 113 113 435 457 459 488 488 488 488 488 488 1695 1999 2076 2256 2258 2260 2260 2260 2260 4468 7523 8548 9614 9752 9810 9819 9828 9829 4468 19723 31897 39782 41715 42620 42914 43014 43088 4468 19723 83873 149782 174302 185047 189514 191280 192181 4468 19723 83873 394673 656537 773839 824251 845488 855276
6427 998306561 7 7 7 7 7 7 7 7 7 30 30 30 30 30 30 30 30 30 140 143 143 143 143 143 143 143 143 662 695 704 704 705 705 705 705 705 2524 2945 3066 3113 3143 3150 3157 3160 3160 6609 11031 12606 13308 13641 13768 13843 13871 13871 6609 29237 47944 55909 59688 61347 62068 62441 62484 6609 29237 126539 210948 250510 268336 276339 280103 281390 6609 29237 126539 554953 942025 1121605 1202075 1238289 1252676
2883 1317920146 10 10 10 10 10 10 10 10 10 39 39 39 39 39 39 39 39 39 206 208 208 208 208 208 208 208 208 870 902 917 928 928 930 943 943 943 3180 3692 3926 4099 4120 4147 4192 4192 4192 8307 13902 16535 17839 18225 18507 18800 18812 18813 8307 36534 62147 74305 78736 81446 83521 83824 83969 8307 36534 163633 278975 327583 352674 367530 371169 373064 8307 36534 163633 733614 1231304 1470806 1593734 1635395 1655664
6301 126408935 2 2 2 2 2 2 2 2 2 6 6 6 6 6 6 6 6 6 19 19 19 19 19 19 19 19 19 91 91 93 93 93 93 93 93 93 340 359 387 389 389 389 389 389 389 911 1330 1656 1738 1743 1758 1779 1779 1798 911 3545 6403 7425 7610 7809 7942 7967 8070 911 3545 16887 28134 31927 34022 35050 35364 35922 911 3545 16887 74218 119474 141242 151539 155303 159030
3091 126779853 2 2 2 2 2 2 2 2 2 6 6 6 6 6 6 6 6 6 26 26 26 26 26 26 26 26 26 96 98 98 98 98 98 98 98 98 368 429 431 434 434 434 434 434 434 981 1566 1706 1826 1840 1850 1857 1859 1859 981 4032 6295 7467 7798 7968 8044 8070 8089 981 4032 16353 27812 32098 34273 35125 35467 35710 981 4032 16353 73091 120781 143402 152728 156746 159055
5303 1323242836 6 6 6 6 6 6 6 6 6 30 30 30 30 30 30 30 30 30 164 170 178 179 179 179 179 179 179 778 834 895 911 911 911 911 914 914 2858 3430 3815 3962 3977 3978 3979 4012 4032 7596 13292 16410 17719 18034 18158 18206 18457 18606 7596 34968 61689 73639 77974 79873 80525 81936 82810 7596 34968 163301 279384 328948 350630 359307 367594 372718 7596 34968 163301 736820 1241669 1467640 1564103 1625999 1661235
6421 58681836 1 1 1 1 1 1 1 1 1 3 3 3 3 3 3 3 3 3 16 16 16 16 16 16 16 16 16 36 37 37 37 37 37 37 37 37 134 163 172 172 173 173 173 173 173 351 651 755 799 811 813 813 813 813 351 1727 2866 3408 3599 3670 3680 3691 3692 351 1727 7569 12906 15141 16120 16397 16557 16605 351 1727 7569 33880 56843 67230 70993 72888 73714
3499 2105991908 9 9 9 9 9 9 9 9 9 62 62 62 62 62 62 62 62 62 326 333 334 334 334 338 338 338 338 1372 1467 1487 1500 1504 1529 1529 1529 1529 5009 5905 6215 6410 6469 6617 6633 6641 6641 13279 22383 26084 27997 28712 29671 29820 29911 29923 13279 59003 98472 117098 124527 130974 132431 133277 133591 13279 59003 259519 440190 519668 568464 584111 592359 595618 13279 59003 259519 1159954 1957517 2374294 2537560 2616662 2650671
5113 1052081108 2 2 2 2 2 2 2 2 2 22 22 22 22 22 22 22 22 22 139 139 139 139 139 139 139 139 139 651 681 701 713 713 714 714 714 714 2541 2918 3153 3268 3294 3316 3316 3333 3333 6720 10876 13037 14124 14509 14751 14775 14855 14855 6720 28534 48531 58220 62328 64510 65154 65747 65794 6720 28534 128446 219634 261063 281226 288863 293669 294776 6720 28534 128446 578320 984411 1179080 1259854 1302688 1317162
8413 1428582134 8 8 8 8 8 8 8 8 8 44 44 44 44 44 44 44 44 44 211 218 218 218 218 218 218 218 218 898 970 972 986 987 987 987 987 987 3341 4019 4274 4411 4448 4459 4459 4461 4461 8801 15166 18089 19366 19851 20042 20124 20160 20164 8801 40256 68430 80858 86336 88615 89616 90172 90325 8801 40256 180280 303575 360236 385105 395765 401147 403112 8801 40256 180280 799451 1355932 1607494 1718895 1771072 1792299
2917 179235979 3 3 3 3 3 3 3 3 3 6 6 6 6 6 6 6 6 6 18 18 18 18 18 18 18 18 18 88 111 111 111 111 111 111 111 111 373 520 527 540 540 540 541 541 541 1005 1974 2233 2424 2437 2442 2459 2459 2460 1005 5244 8493 10246 10760 10985 11222 11227 11252 1005 5244 22531 38660 45152 47967 49992 50296 50581 1005 5244 22531 102080 169638 199844 216528 221526 224612
3273 687161601 4 4 4 4 4 4 4 4 4 33 33 33 33 33 33 33 33 33 130 130 130 130 130 130 130 130 130 493 502 502 508 513 513 513 513 513 1734 1972 2044 2131 2178 2182 2182 2182 2182 4505 7421 8538 9403 9800 9866 9920 9931 9932 4505 19469 31612 38786 41887 42822 43484 43682 43736 4505 19469 82967 145530 174234 185120 191144 193346 194188 4505 19469 82967 383051 655032 772880 829430 853052 862619
5621 1322962139 5 5 5 5 5 5 5 5 5 45 45 45 45 45 45 45 45 45 204 205 205 212 212 212 212 212 212 852 871 891 936 937 937 937 937 937 3337 3722 3934 4198 4243 4257 4274 4274 4274 8732 13643 16036 17868 18363 18599 18742 18760 18767 8732 35823 60207 74447 79310 81873 82998 83265 83378 8732 35823 158515 280849 332019 356884 367733 371399 373030 8732 35823 158515 741347 1251162 1492496 1599529 1642149 1660883
5441 295782860 1 1 1 1 1 1 1 1 1 4 4 4 4 4 4 4 4 4 36 40 40 40 40 40 40 40 40 180 203 205 205 210 210 210 210 210 705 933 971 973 1001 1001 1001 1003 1003 1862 3374 3871 4017 4174 4196 4205 4221 4223 1862 8898 14530 16739 17955 18302 18520 18669 18721 1862 8898 38111 62810 75149 79498 81805 83191 83636 1862 8898 38111 165834 283882 332643 355308 367747 372307
9407 173232549 1 1 1 1 1 1 1 1 1 4 5 5 5 5 5 5 5 5 19 23 23 23 23 23 23 23 23 105 123 123 123 123 123 123 123 123 388 514 518 518 521 533 535 536 536 1043 1982 2203 2279 2321 2408 2426 2442 2442 1043 5232 8393 9673 10247 10813 10982 11109 11119 1043 5232 21977 36378 42372 46391 47795 48706 48941 1043 5232 21977 95739 159318 193718 207913 215332 217847
7877 798559707 3 3 3 3 3 3 3 3 3 25 25 25 25 25 25 25 25 25 134 134 134 134 134 134 134 134 134 517 537 546 549 549 549 549 549 549 1983 2280 2409 2471 2492 2506 2507 2507 2507 5385 8844 10344 11002 11262 11381 11417 11423 11425 5385 23265 38764 45832 48861 50188 50669 50809 50886 5385 23265 101713 172030 203645 217038 222773 224864 225821 5385 23265 101713 453574 766841 906209 967825 992870 1004137
637 584754197 5 5 5 5 5 5 5 5 5 29 29 29 29 29 29 29 29 29 100 100 100 100 100 100 100 100 100 410 418 421 424 424 424 424 424 424 1545 1721 1793 1850 1861 1861 1861 1861 1861 4079 6417 7384 7938 8108 8178 8208 8210 8211 4079 16824 27621 33072 35131 35974 36434 36524 36573 4079 16824 72795 124851 147409 157587 162102 163698 164497 4079 16824 72795 328253 555078 660078 705527 724224 733108
1299 2329119022 14 14 14 14 14 14 14 14 14 73 73 75 75 75 75 75 75 75 330 333 341 341 343 343 343 343 343 1428 1477 1524 1559 1575 1575 1575 1578 1578 5548 6386 6779 7128 7249 7256 7267 7304 7304 14652 24065 28533 31161 32126 32321 32436 32650 32659 14652 63200 107435 130971 140269 143398 145004 146439 146670 14652 63200 283165 494095 586654 624243 641774 652853 655942 14652 63200 283165 1302559 2210555 2611035 2790450 2887402 2920936
2111 524445957 3 3 3 3 3 3 3 3 3 15 15 15 15 15 15 15 15 15 68 68 68 68 68 68 68 68 68 305 318 319 328 335 335 335 335 335 1211 1413 1460 1525 1600 1604 1604 1604 1604 3182 5320 6106 6713 7159 7247 7284 7284 7288 3182 13914 23101 28079 31334 32335 32815 32910 32992 3182 13914 60644 105578 130883 140528 144929 146333 147304 3182 13914 60644 279134 494284 589311 632529 649934 658959
1731 1131960496 10 10 10 10 10 10 10 10 10 45 45 45 45 45 45 45 45 45 202 203 203 203 203 203 203 203 203 783 816 822 822 827 828 828 828 828 2891 3372 3543 3562 3612 3623 3623 3623 3623 7480 12699 14652 15268 15731 15907 15960 15982 15988 7480 33288 54499 63300 67807 69766 70571 71034 71122 7480 33288 143859 239070 284413 304500 313219 317870 319298 7480 33288 143859 630603 1070127 1271480 1361278 1404758 1421035
2269 440928523 2 2 2 2 2 2 2 2 2 20 20 20 20 20 20 20 20 20 81 81 81 81 81 81 81 81 81 299 304 304 304 306 306 306 306 306 1179 1334 1379 1400 1422 1422 1447 1447 1447 3111 4909 5592 5891 6147 6156 6333 6334 6334 3111 12912 20926 24550 26654 27095 28072 28150 28182 3111 12912 55173 92768 110975 117038 123189 124322 124826 3111 12912 55173 245100 418846 488601 534898 548010 554243
9557 461511823 1 1 1 1 1 1 1 1 1 5 5 5 5 5 5 5 5 5 50 53 53 53 53 53 53 53 53 233 266 304 304 304 304 304 304 304 909 1146 1336 1358 1364 1369 1374 1374 1374 2396 4235 5714 6142 6269 6387 6449 6461 6469 2396 11091 21829 25966 27509 28540 29105 29223 29301 2396 11091 57728 97400 114666 123797 128383 129933 130560 2396 11091 57728 256359 430905 517053 558088 573735 580632
6577 926304030 6 6 6 6 6 6 6 6 6 28 29 29 29 29 29 29 29 29 132 144 144 144 144 144 144 144 144 564 655 675 680 681 681 681 681 681 2024 2583 2808 2890 2908 2915 2915 2926 2926 5216 9523 11551 12488 12737 12881 12904 12979 12993 5216 24969 43555 52471 55728 57210 57820 58319 58501 5216 24969 114353 196928 232659 248692 255749 259792 261302 5216 24969 114353 519562 875478 1039505 1112396 1148311 1162935
4033 956885531 10 10 10 10 10 10 10 10 10 35 35 35 35 35 35 35 35 35 161 161 161 161 161 161 161 161 161 668 671 715 729 729 729 729 729 729 2493 2749 3050 3135 3162 3163 3164 3164 3164 6571 10300 12606 13398 13710 13783 13814 13825 13831 6571 27022 47224 55580 58841 60093 60579 60806 60937 6571 27022 123969 208469 244919 260762 267178 270178 271727 6571 27022 123969 547263 916493 1082112 1153171 1185480 1201496
9829 551604813 4 4 4 4 4 4 4 4 4 20 20 20 20 20 20 20 20 20 88 91 91 91 91 91 91 91 91 299 329 337 337 343 343 343 343 343 1153 1450 1556 1594 1630 1633 1633 1633 1633 3029 5593 6870 7357 7665 7729 7734 7735 7738 3029 14733 25857 30790 33481 34350 34522 34597 34668 3029 14733 68289 116537 140996 150397 153423 154845 155596 3029 14733 68289 307888 531461 629337 667428 684711 692816
3921 192634043 1 1 1 1 1 1 1 1 1 8 8 8 8 8 8 8 8 8 31 31 31 31 31 31 31 31 31 139 139 139 141 148 148 148 148 148 515 559 565 582 609 609 609 609 609 1357 2143 2366 2519 2700 2723 2728 2729 2729 1357 5656 8970 10691 11941 12285 12336 12357 12372 1357 5656 23743 40440 49793 53021 54003 54414 54688 1357 5656 23743 106395 186380 219877 232641 238641 241719
4183 607691868 6 6 6 6 6 6 6 6 6 25 25 25 25 25 25 25 25 25 96 96 96 96 96 96 96 96 96 421 435 438 447 447 447 447 447 447 1564 1763 1833 1886 1893 1902 1902 1902 1902 4041 6486 7674 8223 8427 8536 8573 8584 8587 4041 17074 28858 34336 36368 37367 37812 37990 38044 4041 17074 76529 129183 152291 162942 167515 169618 170452 4041 17074 76529 340305 573995 682275 730394 752131 760941
5009 117701911 3 3 3 3 3 3 3 3 3 7 7 7 7 7 7 7 7 7 21 21 21 21 21 21 21 21 21 82 83 83 83 83 83 83 83 83 327 358 365 366 366 367 367 367 367 912 1421 1584 1653 1686 1710 1711 1712 1712 912 3712 5826 6641 7031 7255 7301 7333 7341 912 3712 15245 25008 29630 31834 32618 32938 33134 912 3712 15245 65550 110966 132729 141853 145605 147522
2469 394553336 2 2 2 2 2 2 2 2 2 15 15 15 15 15 15 15 15 15 75 75 75 75 75 75 75 75 75 280 281 287 287 287 287 287 287 287 1100 1197 1265 1279 1279 1290 1290 1290 1290 2880 4387 5111 5425 5489 5580 5591 5597 5599 2880 11727 19345 22717 23764 24630 24827 24925 24975 2880 11727 50990 85456 98704 106832 109430 110593 111280 2880 11727 50990 224847 371057 445630 475045 488311 495002
3247 430090340 5 5 5 5 5 5 5 5 5 16 16 16 16 16 16 16 16 16 68 68 74 74 74 74 74 74 74 259 285 317 317 317 317 317 317 317 905 1111 1390 1399 1405 1409 1409 1409 1409 2417 4123 5723 5941 6057 6102 6115 6116 6116 2417 10782 21644 24561 25928 26567 26827 26904 26932 2417 10782 57301 93107 109416 116534 119466 120551 121041 2417 10782 57301 244766 412840 487559 519860 533627 539596
3049 385434899 6 6 6 6 6 6 6 6 6 22 22 22 22 22 22 22 22 22 62 62 62 62 62 62 62 62 62 254 258 262 265 266 266 266 266 266 984 1129 1184 1250 1261 1261 1263 1263 1263 2589 4103 4919 5417 5528 5548 5589 5598 5602 2589 10875 18707 22751 23941 24299 24696 24816 24879 2589 10875 49377 85512 99224 104521 107911 109149 109792 2589 10875 49377 224932 371508 434496 466085 479262 485299
2807 724885157 8 8 8 8 8 8 8 8 8 28 28 28 28 28 28 28 28 28 106 106 106 106 106 106 106 106 106 454 490 492 493 497 497 497 497 497 1742 2108 2186 2209 2275 2289 2299 2299 2299 4582 7957 9177 9687 10141 10291 10365 10369 10374 4582 21158 34382 40099 43810 45258 45933 46149 46208 4582 21158 90985 150453 181882 195601 201914 204356 205142 4582 21158 90985 395656 682351 814873 875675 900849 911104
5761 8507583 1 1 1 1 1 1 1 1 1 2 2 2 2 2 2 2 2 2 5 5 5 5 5 5 5 5 5 12 12 12 12 12 12 12 12 12 34 34 34 34 34 34 34 34 34 80 121 128 128 129 129 129 129 129 80 315 468 491 513 522 530 530 530 80 315 1241 1870 2143 2341 2400 2437 2443 80 315 1241 4894 7922 9612 10140 10509 10610
2739 218254177 3 3 3 3 3 3 3 3 3 10 10 10 10 10 10 10 10 10 42 42 42 42 42 42 42 42 42 137 142 146 146 146 146 146 146 146 532 611 680 690 690 691 691 691 691 1415 2218 2838 3002 3031 3067 3067 3074 3074 1415 5789 10497 12361 13115 13485 13549 13643 13656 1415 5789 27656 46863 55109 58992 60136 60963 61214 1415 5789 27656 123478 207630 247246 262476 270112 273234
6587 1336854783 11 11 11 11 11 11 11 11 11 43 43 43 43 43 43 43 43 43 197 198 198 198 198 198 198 198 198 880 927 933 934 934 934 934 934 934 3363 3856 4083 4156 4162 4169 4170 4170 4170 8899 14315 16963 18125 18410 18632 18671 18706 18713 8899 37936 64225 76337 80475 82833 83505 83885 84045 8899 37936 169240 287454 336977 361073 369843 374372 376202 8899 37936 169240 758764 1269601 1509830 1609111 1656226 1676305
5589 391837595 2 2 2 2 2 2 2 2 2 11 11 11 11 11 11 11 11 11 73 73 73 73 73 73 73 73 73 291 307 307 307 307 307 307 307 307 1042 1191 1216 1251 1257 1258 1258 1258 1258 2725 4500 5138 5497 5598 5662 5677 5686 5687 2725 11878 19175 22483 23843 24510 24758 24897 24929 2725 11878 50698 84831 99574 106417 109299 110632 111066 2725 11878 50698 222779 373575 443262 474636 488220 493482
6307 152749866 1 1 1 1 1 1 1 1 1 6 6 6 6 6 6 6 6 6 26 26 26 26 26 26 26 26 26 112 112 112 112 112 112 112 112 112 448 481 501 503 515 516 516 516 516 1182 1794 2010 2082 2189 2209 2218 2220 2220 1182 4707 7512 8502 9347 9606 9751 9779 9786 1182 4707 19728 31699 38727 41435 42680 43124 43294 1182 4707 19728 83561 145666 172800 185081 190204 192335
1881 141597969 3 3 3 3 3 3 3 3 3 8 8 8 8 8 8 8 8 8 21 21 21 21 21 21 21 21 21 78 78 95 95 95 95 95 95 95 282 299 401 403 404 411 411 411 411 716 1172 1817 1876 1896 1947 1955 1955 1959 716 3060 6647 7724 8201 8626 8725 8744 8790 716 3060 17454 29181 34543 37826 39007 39293 39599 716 3060 17454 77052 130671 158645 170273 174237 176704
9927 924539162 4 4 4 4 4 4 4 4 4 22 22 22 22 22 22 22 22 22 136 137 137 137 137 137 137 137 137 543 572 584 587 591 594 594 594 594 2161 2524 2676 2719 2739 2762 2762 2762 2762 5797 9657 11659 12341 12694 12963 12987 13024 13024 5797 25457 44537 52234 55537 57833 58233 58651 58695 5797 25457 117150 196373 231402 251247 256978 260490 261425 5797 25457 117150 517068 870603 1049815 1116541 1150532 1163200
2209 934750010 7 7 7 7 7 7 7 7 7 30 30 30 30 30 30 30 30 30 148 148 148 148 148 148 148 148 148 609 627 639 649 649 649 649 649 649 2284 2598 2802 2899 2901 2905 2905 2905 2905 5974 9811 11866 12693 12892 13011 13043 13058 13058 5974 25807 45244 53745 56981 58354 58825 59051 59132 5974 25807 119543 203254 239713 254884 260877 263649 264840 5974 25807 119543 535373 901198 1062096 1130793 1161777 1175540
4153 3015613255 21 21 21 21 21 21 21 21 21 90 90 90 90 90 90 90 90 90 451 452 456 456 462 462 462 462 462 1824 1900 1954 1979 2024 2026 2026 2026 2026 7095 8149 8700 8935 9290 9343 9345 9354 9354 18504 30638 36590 39041 41272 41812 41929 42020 42036 18504 81631 139361 164341 180799 186728 188657 189671 190093 18504 81631 367303 619194 756399 813407 835369 845787 850276 18504 81631 367303 1629781 2849805 3402085 3634333 3740992 3788422
1171 98310027 3 3 3 3 3 3 3 3 3 8 8 8 8 8 8 8 8 8 25 25 25 25 25 25 25 25 25 82 82 82 82 82 82 82 82 82 292 326 347 348 348 348 348 348 348 767 1215 1400 1435 1444 1444 1445 1445 1445 767 3159 5287 5976 6229 6315 6357 6374 6374 767 3159 13829 22317 25789 27211 27761 27986 28067 767 3159 13829 58477 96720 113298 119976 123195 124415
4783 529348272 5 5 5 5 5 5 5 5 5 19 19 19 19 19 19 19 19 19 82 82 82 82 82 82 82 82 82 373 373 384 386 387 387 387 387 387 1420 1542 1652 1674 1692 1701 1701 1701 1702 3688 5716 6758 7138 7408 7497 7522 7524 7533 3688 15149 25673 29799 32312 33175 33510 33608 33675 3688 15149 67576 112325 134876 143889 147789 149295 150050 3688 15149 67576 295153 507304 599629 640851 657565 666228
873 10140766201 70 72 72 72 72 72 72 72 72 330 347 347 347 347 347 347 347 347 1401 1515 1558 1560 1560 1561 1561 1561 1561 6002 6704 6971 7015 7038 7061 7074 7075 7075 22798 28148 30452 31206 31463 31705 31799 31879 31885 60081 105922 127123 135731 139257 141292 142131 142752 142859 60081 279944 480570 569642 607583 626049 634269 639043 640281 60081 279944 1268415 2148115 2545559 2726703 2807335 2847952 2862102 60081 279944 1268415 5664008 9589836 11396491 12203120 12585066 12738766
1127 821496384 6 6 6 6 6 6 6 6 6 39 39 39 39 39 39 39 39 39 138 138 138 138 138 138 138 138 138 576 583 592 592 593 593 593 593 593 2226 2441 2576 2598 2624 2631 2631 2631 2632 5769 9116 10614 11126 11387 11509 11541 11542 11561 5769 24087 39930 46464 49612 50886 51325 51464 51603 5769 24087 105454 175643 207496 221792 227319 229688 231169 5769 24087 105454 463170 781695 927060 988677 1016012 1029567
6201 7332946757 24 24 24 46 46 46 46 46 46 118 118 119 245 245 245 245 245 245 560 563 569 1104 1104 1104 1104 1104 1104 2367 2538 2619 5117 5126 5142 5143 5143 5143 8997 10699 11504 22829 23058 23272 23295 23299 23301 23596 40113 47902 99282 101848 103520 103891 104109 104181 23596 105862 180794 413681 440565 455305 460139 462593 463655 23596 105862 477490 1557844 1840444 1978522 2032488 2057877 2069489 23596 105862 477490 4104326 6932994 8272990 8834932 9095562 9213075
9243 728018317 3 3 3 3 3 3 3 3 3 16 16 16 16 16 16 16 16 16 105 105 105 105 105 105 105 105 105 490 504 508 510 510 510 510 510 510 1853 2139 2299 2355 2379 2381 2381 2381 2381 4798 7970 9584 10228 10463 10510 10527 10537 10537 4798 20991 36118 42841 45219 46124 46415 46657 46708 4798 20991 94650 160337 187282 198209 202746 205209 206087 4798 20991 94650 421393 703572 825444 878846 904404 914237
9931 159026806 2 2 2 2 2 2 2 2 2 6 6 6 6 6 6 6 6 6 23 23 23 23 23 23 23 23 23 88 92 93 93 93 93 93 93 93 371 424 467 492 499 502 502 502 502 953 1549 1904 2096 2151 2175 2178 2183 2183 953 4157 7228 8890 9547 9783 9847 9908 9928 953 4157 18927 33283 40102 42956 43968 44467 44692 953 4157 18927 87763 151302 180039 191958 197170 199428
4073 1306576629 13 13 13 13 13 13 13 13 13 53 53 53 53 53 53 53 53 53 214 214 214 220 220 220 220 220 220 912 927 939 971 971 971 971 971 971 3330 3701 3889 4153 4171 4185 4199 4204 4204 8706 13444 15750 17471 17825 18051 18203 18245 18245 8706 35440 59862 73803 78093 80252 81666 82131 82269 8706 35440 157752 278759 327274 349721 362245 366918 368555 8706 35440 157752 734080 1232676 1463082 1577735 1623623 1642144
6303 4795655324 30 30 30 30 30 30 30 30 30 155 155 155 155 155 155 155 155 155 750 752 758 758 758 758 758 758 758 3180 3321 3378 3393 3401 3406 3406 3406 3406 11756 13806 14612 15000 15144 15200 15221 15227 15227 30885 51976 60527 64692 66436 67235 67571 67686 67703 30885 136483 226833 270036 288485 297003 300889 302425 302876 30885 136483 598361 1020424 1209161 1295398 1334057 1350796 1357080 30885 136483 598361 2688073 4544400 5401622 5787333 5956758 6027413
7177 1936122298 19 19 19 19 19 19 19 19 19 66 66 66 66 66 66 66 66 66 286 286 292 292 292 292 292 292 292 1276 1324 1384 1384 1397 1397 1397 1397 1397 4829 5480 5969 6059 6193 6215 6216 6222 6222 12500 20460 24547 25872 26975 27280 27387 27453 27454 12500 53892 92046 107577 116596 120050 121600 122288 122392 12500 53892 242513 405320 486961 521802 537188 543700 545940 12500 53892 242513 1068118 1832015 2181075 2334375 2401528 2428132
317 4126614965 28 28 28 28 28 28 28 28 28 126 126 126 126 126 126 126 126 126 636 637 641 641 647 647 647 647 647 2619 2719 2779 2807 2855 2857 2857 2857 2857 10017 11412 12090 12386 12810 12867 12869 12878 12880 26141 42860 50476 53723 56641 57267 57450 57557 57614 26141 114065 191915 226188 248231 255633 258365 259662 260335 26141 114065 506078 852146 1038258 1112488 1143233 1157000 1163633 26141 114065 506078 2242802 3912176 4653387 4974970 5118453 5185073
5883 1384887822 5 5 5 5 5 5 5 5 5 31 31 32 32 32 32 32 32 32 194 195 208 208 208 208 208 208 208 802 830 931 940 941 942 942 942 942 3085 3527 4187 4314 4366 4379 4387 4387 4397 8093 13107 17307 18563 19114 19278 19371 19383 19428 8093 34577 65066 77335 83182 85310 86451 86716 86983 8093 34577 171267 292287 348736 373032 384022 387786 390049 8093 34577 171267 769788 1313976 1562463 1671902 1716385 1738084
2369 1551362900 9 9 9 9 9 9 9 9 9 39 39 39 39 39 39 39 39 39 197 201 206 208 208 208 208 208 208 868 956 1015 1047 1047 1047 1047 1048 1048 3276 4106 4624 4826 4856 4863 4866 4874 4874 8693 15372 19336 20976 21479 21632 21701 21769 21780 8693 40606 73505 88592 94562 96782 97691 98329 98490 8693 40606 194748 333953 395924 420491 431248 437483 439399 8693 40606 194748 878914 1487619 1753127 1868790 1928149 1950435
4453 999563615 8 8 8 8 8 8 8 8 8 30 30 30 30 30 30 30 30 30 165 165 165 166 166 172 172 172 172 607 646 648 664 666 691 691 691 691 2294 2711 2829 2965 2997 3130 3131 3131 3131 6048 10304 11795 12960 13255 13928 13978 13986 13989 6048 27236 44717 54616 57971 61735 62599 62814 62931 6048 27236 117503 205984 243273 269348 277621 280481 281861 6048 27236 117503 542225 916525 1128374 1209478 1241952 1257032
1039 1614773847 13 13 13 13 13 13 13 13 13 53 53 53 53 53 53 53 53 53 225 228 228 228 230 230 230 230 230 971 1013 1020 1045 1060 1060 1060 1060 1060 3854 4448 4626 4891 5005 5012 5023 5032 5032 10217 16837 19629 21560 22323 22496 22571 22639 22643 10217 44267 73653 90513 97365 99709 100836 101498 101631 10217 44267 194184 341665 407295 434321 446553 452858 454855 10217 44267 194184 901589 1534433 1816566 1941617 2002528 2025304
8999 1047058099 5 5 6 6 6 6 6 6 6 21 21 29 29 29 29 29 29 29 129 129 163 163 163 163 163 163 163 520 549 737 738 738 738 738 738 738 1993 2388 3283 3334 3351 3355 3369 3369 3369 5213 8842 13533 14211 14462 14578 14713 14719 14727 5213 23430 51496 59973 63765 65212 66266 66438 66552 5213 23430 135337 224183 264881 281369 291024 293940 295361 5213 23430 135337 591432 998790 1178207 1266588 1300259 1315740
7619 306723816 2 2 2 2 2 2 2 2 2 16 16 16 16 16 16 16 16 16 55 55 55 55 55 55 55 55 55 186 187 201 201 205 205 205 205 205 693 809 901 923 973 974 975 975 975 1886 3141 3827 4031 4307 4333 4360 4360 4360 1886 8228 14491 16941 18814 19267 19458 19505 19542 1886 8228 37858 63601 78185 83387 85640 86378 86795 1886 8228 37858 167351 293533 347793 371191 380677 385339
167 9517469354 55 55 55 55 55 56 56 56 56 263 268 283 283 283 300 300 300 300 1262 1299 1383 1383 1385 1499 1499 1499 1499 5233 5606 6106 6136 6166 6689 6690 6691 6691 19642 23247 26650 27203 27574 30091 30133 30169 30175 51557 86858 111087 118026 121878 133528 134196 134522 134623 51557 229038 418076 493151 529812 589791 597234 600751 602009 51557 229038 1102360 1856482 2212080 2561913 2636631 2671314 2685537 51557 229038 1102360 4886449 8326306 10710484 11466872 11807848 11956141
4817 1934349732 5 5 5 5 5 5 5 5 5 38 38 38 38 38 38 38 38 38 288 289 294 294 294 294 294 294 294 1199 1234 1301 1310 1312 1315 1315 1315 1315 4675 5319 5830 5970 6008 6034 6061 6072 6072 12312 19755 24098 25716 26323 26650 26868 26918 26922 12312 52341 91495 108500 115316 118728 120529 121069 121185 12312 52341 240251 408687 482929 517401 534245 540466 542812 12312 52341 240251 1078616 1822891 2168753 2330371 2397110 2425002
4233 8881605461 62 62 62 62 62 62 62 62 62 257 257 257 258 258 258 258 258 258 1195 1212 1236 1256 1256 1256 1256 1256 1256 5298 5624 5872 6045 6071 6088 6097 6098 6098 20308 24049 26214 27363 27644 27768 27862 27887 27891 53762 90879 109930 119000 122096 123381 124217 124570 124676 53762 239730 415763 499839 533502 548055 555421 558849 559935 53762 239730 1098595 1886678 2235621 2388907 2460065 2493164 2505428 53762 239730 1098595 4969617 8419460 9982161 10693549 11019443 11152039
311 1100726618 6 6 6 6 6 6 6 6 6 41 41 41 41 41 41 41 41 41 192 198 198 198 198 198 198 198 198 716 799 810 810 810 810 810 810 810 2597 3265 3463 3501 3505 3509 3513 3513 3513 6772 12249 14397 15102 15411 15499 15571 15602 15602 6772 32358 54344 62934 66780 68380 69186 69577 69680 6772 32358 143034 236997 278714 296908 305597 309469 310891 6772 32358 143034 623296 1049095 1241676 1329396 1368470 1384530
121 619121316 9 9 9 9 9 9 9 9 9 28 28 28 28 28 28 28 28 28 103 103 103 103 103 103 103 103 103 401 422 434 435 437 437 437 437 437 1507 1756 1892 1921 1965 1968 1968 1968 1968 3952 6567 7983 8420 8696 8732 8750 8755 8760 3952 17362 30244 35598 38069 38666 39059 39203 39319 3952 17362 79826 134266 158857 167583 172268 173943 175007 3952 17362 79826 353992 596501 697987 746602 766640 776882
8807 291216909 1 1 1 1 1 1 1 1 1 3 3 3 3 3 3 3 3 3 22 22 22 22 22 22 22 22 22 140 141 173 173 173 173 173 173 173 560 625 841 855 868 872 873 873 874 1463 2321 3545 3754 3928 4011 4025 4050 4064 1463 6126 13190 15595 17073 17703 17925 18066 18174 1463 6126 34662 58900 71645 77533 79699 80931 81699 1463 6126 34662 155737 270793 325874 347870 359021 365212
#resid 97233577 97210691 97220998 97227049 97215740
